사고번호,사고일시,요일,시군구,사고내용,사망자수,중상자수,경상자수,부상신고자수,사고유형,법규위반,노면상태,기상상태,도로형태,가해운전자 차종,가해운전자 성별,가해운전자 연령,가해운전자 상해정도,피해운전자 차종,피해운전자 성별,피해운전자 연령,피해운전자 상해정도
2018070400100401,2018년 7월 4일 17시,수요일,충청북도 충주시 연수동,중상사고,0,1,0,0,차대사람 - 기타,안전운전불이행,포장 - 건조,맑음,단일로 - 기타,화물,남,59세,상해없음,보행자,여,78세,중상
2018070400100547,2018년 7월 4일 21시,수요일,충청북도 청주시 청원구 오창읍,사망사고,1,0,0,0,차대사람 - 횡단중,안전운전불이행,포장 - 건조,흐림,교차로 - 교차로부근,승합,남,60세,상해없음,보행자,여,55세,사망
2018070500100004,2018년 7월 5일 00시,목요일,충청북도 청주시 흥덕구 복대동,중상사고,0,1,0,0,차대사람 - 기타,안전운전불이행,포장 - 건조,흐림,단일로 - 기타,승용,남,24세,상해없음,보행자,남,46세,중상
2018070500100113,2018년 7월 5일 08시,목요일,충청북도 청주시 상당구 금천동,중상사고,0,1,0,0,차대사람 - 기타,안전운전불이행,포장 - 건조,맑음,단일로 - 기타,승합,남,55세,상해없음,보행자,여,82세,중상
2018070500100209,2018년 7월 5일 11시,목요일,충청북도 청주시 상당구 서운동,중상사고,0,1,0,0,차대사람 - 횡단중,안전운전불이행,포장 - 건조,맑음,교차로 - 교차로안,화물,남,48세,상해없음,보행자,여,48세,중상
2018070500100411,2018년 7월 5일 17시,목요일,충청북도 청주시 상당구 용정동,경상사고,0,0,1,0,차대사람 - 횡단중,보행자보호의무위반,포장 - 건조,맑음,교차로 - 교차로횡단보도내,승용,여,49세,상해없음,보행자,남,11세,경상
2018070500100612,2018년 7월 5일 23시,목요일,충청북도 청주시 흥덕구 봉명동,경상사고,0,0,1,0,차대사람 - 차도통행중,안전운전불이행,포장 - 젖음/습기,비,교차로 - 교차로부근,승합,남,59세,상해없음,보행자,남,57세,경상
2018070600100057,2018년 7월 6일 05시,금요일,충청북도 청주시 서원구 사창동,경상사고,0,0,1,0,차대사람 - 기타,안전운전불이행,포장 - 건조,맑음,단일로 - 기타,승용,여,41세,상해없음,보행자,남,54세,경상
2018070600100312,2018년 7월 6일 15시,금요일,충청북도 음성군 음성읍,경상사고,0,0,1,0,차대사람 - 횡단중,신호위반,포장 - 건조,맑음,교차로 - 교차로횡단보도내,화물,남,58세,상해없음,보행자,여,14세,경상
2018070600100401,2018년 7월 6일 17시,금요일,충청북도 청주시 청원구 오창읍,경상사고,0,0,1,0,차대사람 - 기타,안전운전불이행,포장 - 건조,맑음,단일로 - 기타,기타불명,남,20세,상해없음,보행자,남,36세,경상
2018070700100137,2018년 7월 7일 08시,토요일,충청북도 괴산군 칠성면,경상사고,0,0,1,0,차대사람 - 횡단중,안전운전불이행,포장 - 건조,맑음,단일로 - 기타,화물,남,52세,상해없음,보행자,여,80세,경상
2018070700100294,2018년 7월 7일 13시,토요일,충청북도 청주시 청원구 사천동,중상사고,0,1,0,0,차대사람 - 차도통행중,교차로운행방법위반,포장 - 건조,맑음,교차로 - 교차로안,승용,여,63세,상해없음,보행자,남,40세,중상
2018070700100296,2018년 7월 7일 13시,토요일,충청북도 청주시 흥덕구 봉명동,중상사고,0,1,0,0,차대사람 - 횡단중,안전운전불이행,포장 - 건조,맑음,교차로 - 교차로안,승용,남,28세,상해없음,보행자,여,77세,중상
2018070700100531,2018년 7월 7일 19시,토요일,충청북도 충주시 신니면,중상사고,0,1,0,0,차대사람 - 횡단중,중앙선침범,포장 - 건조,맑음,단일로 - 기타,화물,남,36세,상해없음,보행자,남,6세,중상
2018070700100585,2018년 7월 7일 21시,토요일,충청북도 청주시 흥덕구 옥산면,중상사고,0,1,0,0,차대사람 - 횡단중,안전운전불이행,포장 - 건조,맑음,단일로 - 기타,승용,남,52세,상해없음,보행자,남,60세,중상
2018070800100331,2018년 7월 8일 18시,일요일,충청북도 제천시 모산동,중상사고,0,1,0,0,차대사람 - 기타,안전운전불이행,포장 - 건조,맑음,단일로 - 기타,화물,남,61세,상해없음,보행자,여,90세 이상,중상
2018070900100165,2018년 7월 9일 11시,월요일,충청북도 제천시 덕산면,경상사고,0,0,1,0,차대사람 - 기타,안전운전불이행,포장 - 젖음/습기,비,단일로 - 기타,승용,남,65세,상해없음,보행자,여,84세,경상
2018070900100214,2018년 7월 9일 13시,월요일,충청북도 청주시 청원구 오창읍,중상사고,0,1,0,0,차대사람 - 횡단중,중앙선침범,포장 - 젖음/습기,비,단일로 - 기타,승용,여,40세,상해없음,보행자,여,39세,중상
2018070900100273,2018년 7월 9일 15시,월요일,충청북도 청주시 서원구 사창동,경상사고,0,0,1,0,차대사람 - 기타,안전운전불이행,포장 - 건조,맑음,단일로 - 기타,승용,여,56세,상해없음,보행자,남,68세,경상
2018071000100284,2018년 7월 10일 14시,화요일,충청북도 청주시 흥덕구 강서동,중상사고,0,1,0,0,차대사람 - 기타,안전운전불이행,포장 - 건조,맑음,교차로 - 교차로안,승용,여,27세,상해없음,보행자,여,75세,중상
2018071000100315,2018년 7월 10일 15시,화요일,충청북도 청주시 서원구 사직동,중상사고,0,1,0,0,차대사람 - 기타,보행자보호의무위반,포장 - 건조,맑음,교차로 - 교차로안,승용,남,23세,상해없음,보행자,여,62세,중상
2018071000100358,2018년 7월 10일 16시,화요일,충청북도 청주시 서원구 사창동,경상사고,0,0,1,0,차대사람 - 기타,보행자보호의무위반,포장 - 건조,맑음,교차로 - 교차로안,승합,남,74세,상해없음,보행자,여,23세,경상
2018071000100359,2018년 7월 10일 16시,화요일,충청북도 청주시 서원구 수곡동,중상사고,0,1,0,0,차대사람 - 횡단중,안전운전불이행,포장 - 건조,맑음,단일로 - 지하차도(도로)내,화물,남,26세,상해없음,보행자,남,89세,중상
2018071100100161,2018년 7월 11일 09시,수요일,충청북도 충주시 연수동,경상사고,0,0,1,0,차대사람 - 횡단중,보행자보호의무위반,포장 - 건조,맑음,단일로 - 기타,승용,여,24세,상해없음,보행자,여,55세,경상
2018071100100201,2018년 7월 11일 10시,수요일,충청북도 보은군 내북면,중상사고,0,1,0,0,차대사람 - 횡단중,안전운전불이행,포장 - 건조,맑음,단일로 - 교량,화물,남,59세,상해없음,보행자,여,76세,중상
2018071100100383,2018년 7월 11일 16시,수요일,충청북도 옥천군 옥천읍,경상사고,0,0,1,0,차대사람 - 횡단중,보행자보호의무위반,포장 - 건조,맑음,교차로 - 교차로횡단보도내,승용,남,68세,상해없음,보행자,남,13세,경상
2018071100100457,2018년 7월 11일 18시,수요일,충청북도 제천시 강제동,경상사고,0,0,2,0,차대사람 - 횡단중,안전운전불이행,포장 - 건조,흐림,주차장 - 주차장,승용,여,45세,상해없음,보행자,여,27세,경상
2018071100100541,2018년 7월 11일 20시,수요일,충청북도 청주시 청원구 주성동,중상사고,0,1,0,0,차대사람 - 기타,기타,포장 - 건조,맑음,단일로 - 기타,이륜,남,48세,상해없음,보행자,남,6세,중상
2018071200100526,2018년 7월 12일 20시,목요일,충청북도 청주시 흥덕구 복대동,경상사고,0,0,1,0,차대사람 - 보도통행중,안전운전불이행,포장 - 건조,맑음,기타 - 기타,자전거,남,23세,상해없음,보행자,남,27세,경상
2018071300100028,2018년 7월 13일 02시,금요일,충청북도 제천시 서부동,경상사고,0,0,1,0,차대사람 - 기타,기타,포장 - 건조,맑음,단일로 - 기타,승용,남,40세,상해없음,보행자,여,34세,경상
2018071300100201,2018년 7월 13일 10시,금요일,충청북도 청주시 흥덕구 봉명동,중상사고,0,1,0,0,차대사람 - 횡단중,보행자보호의무위반,포장 - 건조,맑음,교차로 - 교차로횡단보도내,승용,여,50세,상해없음,보행자,여,41세,중상
2018071300100248,2018년 7월 13일 12시,금요일,충청북도 제천시 신백동,중상사고,0,1,0,0,차대사람 - 횡단중,안전운전불이행,포장 - 건조,맑음,주차장 - 주차장,승용,남,28세,상해없음,보행자,여,85세,중상
2018071300100249,2018년 7월 13일 12시,금요일,충청북도 보은군 회인면,중상사고,0,1,0,0,차대사람 - 기타,안전운전불이행,포장 - 건조,맑음,기타 - 기타,승용,남,61세,상해없음,보행자,남,45세,중상
2018071300100251,2018년 7월 13일 12시,금요일,충청북도 청주시 흥덕구 오송읍,중상사고,0,1,0,0,차대사람 - 기타,안전운전불이행,포장 - 건조,맑음,단일로 - 기타,화물,여,49세,상해없음,보행자,남,65세,중상
2018071300100280,2018년 7월 13일 13시,금요일,충청북도 청주시 상당구 수동,중상사고,0,1,0,0,차대사람 - 횡단중,보행자보호의무위반,포장 - 건조,맑음,교차로 - 교차로횡단보도내,승용,여,51세,상해없음,보행자,여,64세,중상
2018071300100471,2018년 7월 13일 18시,금요일,충청북도 충주시 칠금동,경상사고,0,0,1,0,차대사람 - 횡단중,보행자보호의무위반,포장 - 건조,맑음,교차로 - 교차로횡단보도내,승용,남,35세,상해없음,보행자,남,8세,경상
2018071300100594,2018년 7월 13일 21시,금요일,충청북도 청주시 청원구 내덕동,중상사고,0,1,0,0,차대사람 - 기타,안전운전불이행,포장 - 건조,맑음,교차로 - 교차로부근,승용,남,24세,상해없음,보행자,여,55세,중상
2018071300100646,2018년 7월 13일 23시,금요일,충청북도 청주시 흥덕구 가경동,중상사고,0,1,0,0,차대사람 - 횡단중,안전운전불이행,포장 - 건조,맑음,교차로 - 교차로횡단보도내,승용,남,27세,상해없음,보행자,남,48세,중상
2018071400100111,2018년 7월 14일 08시,토요일,충청북도 청주시 상당구 용정동,중상사고,0,1,0,0,차대사람 - 기타,안전운전불이행,포장 - 건조,맑음,단일로 - 기타,승용,남,62세,상해없음,보행자,남,35세,중상
2018071400100139,2018년 7월 14일 09시,토요일,충청북도 음성군 금왕읍,경상사고,0,0,1,0,차대사람 - 횡단중,보행자보호의무위반,포장 - 건조,맑음,교차로 - 교차로횡단보도내,승용,남,53세,상해없음,보행자,여,4세,경상
2018071400100448,2018년 7월 14일 17시,토요일,충청북도 청주시 청원구 내덕동,경상사고,0,0,1,0,차대사람 - 횡단중,보행자보호의무위반,포장 - 건조,맑음,단일로 - 기타,화물,남,41세,상해없음,보행자,남,61세,경상
2018071400100449,2018년 7월 14일 17시,토요일,충청북도 옥천군 옥천읍,경상사고,0,0,1,0,차대사람 - 보도통행중,보행자보호의무위반,포장 - 건조,맑음,교차로 - 교차로횡단보도내,승용,여,55세,상해없음,보행자,남,54세,경상
2018071400100552,2018년 7월 14일 20시,토요일,충청북도 충주시 칠금동,중상사고,0,1,0,0,차대사람 - 횡단중,안전운전불이행,포장 - 건조,맑음,교차로 - 교차로안,승용,남,32세,상해없음,보행자,여,42세,중상
2018071400100624,2018년 7월 14일 22시,토요일,충청북도 제천시 하소동,경상사고,0,0,1,0,차대사람 - 차도통행중,보행자보호의무위반,포장 - 건조,맑음,단일로 - 기타,승용,남,47세,상해없음,보행자,여,9세,경상
2018071600100010,2018년 7월 16일 00시,월요일,충청북도 청주시 상당구 영운동,중상사고,0,1,0,0,차대사람 - 길가장자리구역통행중,기타,포장 - 건조,맑음,단일로 - 지하차도(도로)내,승용,남,48세,상해없음,보행자,여,19세,중상
2018071600100113,2018년 7월 16일 08시,월요일,충청북도 청주시 청원구 우암동,사망사고,1,0,0,0,차대사람 - 횡단중,안전운전불이행,포장 - 건조,맑음,단일로 - 기타,승용,남,70세,상해없음,보행자,여,42세,사망
2018071600100594,2018년 7월 16일 21시,월요일,충청북도 청주시 흥덕구 복대동,중상사고,0,1,0,0,차대사람 - 횡단중,안전운전불이행,포장 - 건조,맑음,교차로 - 교차로안,승용,남,67세,상해없음,보행자,여,57세,중상
2018071600100618,2018년 7월 16일 22시,월요일,충청북도 청주시 흥덕구 송절동,부상신고사고,0,0,0,1,차대사람 - 길가장자리구역통행중,안전운전불이행,포장 - 건조,맑음,교차로 - 교차로부근,승용,남,33세,상해없음,보행자,남,21세,부상신고
2018071700100127,2018년 7월 17일 08시,화요일,충청북도 증평군 증평읍,경상사고,0,0,1,0,차대사람 - 차도통행중,안전운전불이행,포장 - 건조,맑음,단일로 - 기타,승용,여,71세,상해없음,보행자,여,15세,경상
2018071700100128,2018년 7월 17일 08시,화요일,충청북도 음성군 맹동면,경상사고,0,0,1,0,차대사람 - 보도통행중,기타,포장 - 건조,맑음,단일로 - 기타,화물,남,27세,상해없음,보행자,여,47세,경상
2018071700100341,2018년 7월 17일 14시,화요일,충청북도 청주시 흥덕구 복대동,경상사고,0,0,1,0,차대사람 - 기타,신호위반,포장 - 건조,맑음,교차로 - 교차로횡단보도내,승용,여,39세,상해없음,보행자,남,10세,경상
2018071700100391,2018년 7월 17일 15시,화요일,충청북도 충주시 문화동,경상사고,0,0,1,0,차대사람 - 횡단중,안전운전불이행,포장 - 건조,맑음,단일로 - 기타,승용,남,60세,상해없음,보행자,여,19세,경상
2018071700100484,2018년 7월 17일 17시,화요일,충청북도 제천시 고암동,경상사고,0,0,1,0,차대사람 - 횡단중,안전운전불이행,포장 - 건조,맑음,교차로 - 교차로부근,승용,여,50세,상해없음,보행자,여,14세,경상
2018071700100602,2018년 7월 17일 20시,화요일,충청북도 청주시 상당구 금천동,중상사고,0,1,0,0,차대사람 - 기타,안전운전불이행,포장 - 건조,맑음,단일로 - 기타,이륜,남,17세,상해없음,보행자,여,54세,중상
2018071800100038,2018년 7월 18일 03시,수요일,충청북도 옥천군 옥천읍,경상사고,0,0,1,0,차대사람 - 차도통행중,안전운전불이행,포장 - 건조,맑음,단일로 - 기타,승용,남,34세,상해없음,보행자,남,38세,경상
2018071800100082,2018년 7월 18일 07시,수요일,충청북도 청주시 흥덕구 복대동,부상신고사고,0,0,0,1,차대사람 - 기타,기타,포장 - 건조,맑음,기타 - 기타,승합,남,53세,기타불명,보행자,여,16세,부상신고
2018071800100588,2018년 7월 18일 21시,수요일,충청북도 제천시 봉양읍,중상사고,0,1,0,0,차대사람 - 횡단중,안전운전불이행,포장 - 건조,맑음,단일로 - 기타,화물,남,45세,상해없음,보행자,여,80세,중상
2018071800100590,2018년 7월 18일 21시,수요일,충청북도 청주시 흥덕구 복대동,중상사고,0,1,0,0,차대사람 - 기타,안전운전불이행,포장 - 건조,맑음,단일로 - 기타,이륜,남,39세,상해없음,보행자,남,56세,중상
2018071900100587,2018년 7월 19일 19시,목요일,충청북도 충주시 목행동,중상사고,0,1,0,0,차대사람 - 기타,안전운전불이행,포장 - 건조,맑음,기타 - 기타,승용,남,64세,상해없음,보행자,여,74세,중상
2018071900100619,2018년 7월 19일 20시,목요일,충청북도 청주시 서원구 성화동,경상사고,0,0,1,0,차대사람 - 기타,안전운전불이행,포장 - 건조,맑음,단일로 - 기타,화물,남,46세,상해없음,보행자,남,37세,경상
2018072000100024,2018년 7월 20일 01시,금요일,충청북도 진천군 광혜원면,중상사고,0,1,0,0,차대사람 - 기타,안전운전불이행,포장 - 건조,맑음,단일로 - 기타,승용,남,34세,상해없음,보행자,남,39세,중상
2018072000100451,2018년 7월 20일 16시,금요일,충청북도 음성군 맹동면,경상사고,0,0,1,0,차대사람 - 보도통행중,안전운전불이행,포장 - 건조,맑음,단일로 - 기타,승용,여,54세,상해없음,보행자,남,58세,경상
2018072000100668,2018년 7월 20일 20시,금요일,충청북도 제천시 서부동,경상사고,0,0,1,0,차대사람 - 횡단중,안전운전불이행,포장 - 건조,맑음,기타 - 기타,승용,남,32세,상해없음,보행자,여,66세,경상
2018072000100669,2018년 7월 20일 20시,금요일,충청북도 보은군 보은읍,중상사고,0,1,0,0,차대사람 - 길가장자리구역통행중,안전운전불이행,포장 - 건조,맑음,단일로 - 지하차도(도로)내,승합,남,63세,상해없음,보행자,여,87세,중상
2018072100100159,2018년 7월 21일 09시,토요일,충청북도 제천시 남천동,경상사고,0,0,1,0,차대사람 - 횡단중,보행자보호의무위반,포장 - 건조,맑음,기타 - 기타,승용,여,57세,상해없음,보행자,여,71세,경상
2018072100100257,2018년 7월 21일 12시,토요일,충청북도 청주시 서원구 개신동,중상사고,0,1,0,0,차대사람 - 기타,안전운전불이행,포장 - 건조,맑음,단일로 - 기타,승용,여,38세,상해없음,보행자,여,22세,중상
2018072100100333,2018년 7월 21일 14시,토요일,충청북도 충주시 금릉동,경상사고,0,0,1,0,차대사람 - 보도통행중,신호위반,포장 - 건조,맑음,교차로 - 교차로횡단보도내,이륜,남,37세,상해없음,보행자,여,56세,경상
2018072100100537,2018년 7월 21일 20시,토요일,충청북도 청주시 흥덕구 복대동,중상사고,0,1,0,0,차대사람 - 횡단중,안전운전불이행,포장 - 건조,맑음,단일로 - 기타,승용,남,36세,상해없음,보행자,남,54세,중상
2018072300100216,2018년 7월 23일 11시,월요일,충청북도 청주시 상당구 남일면,중상사고,0,1,0,0,차대사람 - 횡단중,안전운전불이행,포장 - 건조,맑음,교차로 - 교차로부근,승용,남,56세,상해없음,보행자,남,49세,중상
2018072300100426,2018년 7월 23일 17시,월요일,충청북도 청주시 흥덕구 오송읍,경상사고,0,0,2,0,차대사람 - 기타,신호위반,포장 - 건조,맑음,단일로 - 기타,승용,남,68세,상해없음,보행자,여,37세,경상
2018072300100550,2018년 7월 23일 20시,월요일,충청북도 제천시 영천동,중상사고,0,1,0,0,차대사람 - 횡단중,안전운전불이행,포장 - 건조,맑음,단일로 - 기타,승용,남,43세,상해없음,보행자,여,77세,중상
2018072400100469,2018년 7월 24일 17시,화요일,충청북도 충주시 주덕읍,중상사고,0,1,0,0,차대사람 - 횡단중,안전운전불이행,포장 - 건조,맑음,단일로 - 기타,화물,남,57세,상해없음,보행자,남,66세,중상
2018072400100471,2018년 7월 24일 17시,화요일,충청북도 청주시 상당구 운동동,중상사고,0,1,0,0,차대사람 - 기타,안전운전불이행,포장 - 건조,맑음,단일로 - 기타,화물,남,46세,상해없음,보행자,남,78세,중상
2018072400100596,2018년 7월 24일 20시,화요일,충청북도 청주시 상당구 석교동,경상사고,0,0,1,0,차대사람 - 횡단중,안전운전불이행,포장 - 건조,맑음,교차로 - 교차로안,승용,남,30세,상해없음,보행자,남,44세,경상
2018072500100113,2018년 7월 25일 08시,수요일,충청북도 청주시 흥덕구 비하동,중상사고,0,1,0,0,차대사람 - 기타,안전운전불이행,포장 - 건조,맑음,교차로 - 교차로부근,승합,남,68세,상해없음,보행자,여,73세,중상
2018072500100179,2018년 7월 25일 10시,수요일,충청북도 청주시 서원구 개신동,경상사고,0,0,1,0,차대사람 - 기타,안전운전불이행,포장 - 건조,맑음,단일로 - 기타,기타불명,기타불명,미분류,기타불명,보행자,여,21세,경상
2018072600100195,2018년 7월 26일 10시,목요일,충청북도 청주시 청원구 내수읍,중상사고,0,1,0,0,차대사람 - 기타,안전운전불이행,포장 - 건조,맑음,교차로 - 교차로안,승용,남,48세,상해없음,보행자,여,65세,중상
2018072600100417,2018년 7월 26일 17시,목요일,충청북도 청주시 서원구 분평동,경상사고,0,0,1,0,차대사람 - 기타,안전운전불이행,포장 - 건조,맑음,단일로 - 기타,승용,여,47세,상해없음,보행자,여,8세,경상
2018072600100464,2018년 7월 26일 18시,목요일,충청북도 음성군 금왕읍,경상사고,0,0,1,0,차대사람 - 횡단중,보행자보호의무위반,포장 - 건조,맑음,교차로 - 교차로횡단보도내,이륜,남,16세,상해없음,보행자,여,31세,경상
2018072600100501,2018년 7월 26일 19시,목요일,충청북도 청주시 흥덕구 가경동,경상사고,0,0,2,0,차대사람 - 횡단중,안전운전불이행,포장 - 건조,맑음,교차로 - 교차로안,승용,여,62세,상해없음,보행자,여,21세,경상
2018072600100551,2018년 7월 26일 21시,목요일,충청북도 청주시 흥덕구 봉명동,경상사고,0,0,1,1,차대사람 - 기타,안전운전불이행,포장 - 건조,맑음,단일로 - 기타,이륜,남,21세,부상신고,보행자,여,20세,경상
2018072700100205,2018년 7월 27일 10시,금요일,충청북도 영동군 영동읍,경상사고,0,0,1,0,차대사람 - 보도통행중,안전운전불이행,포장 - 건조,맑음,교차로 - 교차로횡단보도내,자전거,여,52세,상해없음,보행자,여,81세,경상
2018072700100304,2018년 7월 27일 13시,금요일,충청북도 영동군 영동읍,경상사고,0,0,1,0,차대사람 - 차도통행중,안전운전불이행,포장 - 건조,맑음,단일로 - 기타,승용,남,80세,상해없음,보행자,여,57세,경상
2018072700100524,2018년 7월 27일 18시,금요일,충청북도 청주시 청원구 오창읍,중상사고,0,1,0,0,차대사람 - 횡단중,보행자보호의무위반,포장 - 건조,맑음,단일로 - 기타,승용,여,43세,상해없음,보행자,남,9세,중상
2018072700100604,2018년 7월 27일 20시,금요일,충청북도 진천군 진천읍,사망사고,1,0,0,0,차대사람 - 횡단중,과속,포장 - 건조,맑음,단일로 - 기타,승용,남,26세,상해없음,보행자,여,53세,사망
2018072800100154,2018년 7월 28일 09시,토요일,충청북도 청주시 상당구 용담동,중상사고,0,1,0,0,차대사람 - 기타,안전운전불이행,포장 - 건조,맑음,교차로 - 교차로횡단보도내,승합,남,42세,상해없음,보행자,여,76세,중상
2018072800100187,2018년 7월 28일 10시,토요일,충청북도 음성군 생극면,중상사고,0,1,0,0,차대사람 - 기타,안전운전불이행,포장 - 건조,맑음,단일로 - 기타,승합,남,58세,상해없음,보행자,여,77세,중상
2018072900100211,2018년 7월 29일 13시,일요일,충청북도 제천시 한수면,중상사고,0,1,0,0,차대사람 - 횡단중,안전운전불이행,포장 - 건조,맑음,단일로 - 기타,승용,남,49세,상해없음,보행자,남,75세,중상
2018073000100044,2018년 7월 30일 05시,월요일,충청북도 청주시 청원구 우암동,중상사고,0,1,0,0,차대사람 - 기타,신호위반,포장 - 건조,맑음,교차로 - 교차로안,화물,남,53세,상해없음,보행자,여,76세,중상
2018073000100153,2018년 7월 30일 09시,월요일,충청북도 청주시 흥덕구 봉명동,경상사고,0,0,1,0,차대사람 - 횡단중,안전운전불이행,포장 - 건조,맑음,교차로 - 교차로안,승용,여,42세,상해없음,보행자,여,54세,경상
2018073000100185,2018년 7월 30일 10시,월요일,충청북도 청주시 흥덕구 가경동,경상사고,0,0,1,0,차대사람 - 기타,안전운전불이행,포장 - 건조,맑음,단일로 - 기타,이륜,남,48세,상해없음,보행자,남,50세,경상
2018073000100343,2018년 7월 30일 14시,월요일,충청북도 제천시 하소동,경상사고,0,0,1,0,차대사람 - 횡단중,안전운전불이행,포장 - 건조,맑음,교차로 - 교차로안,승용,여,41세,상해없음,보행자,여,75세,경상
2018073000100511,2018년 7월 30일 18시,월요일,충청북도 청주시 청원구 내덕동,경상사고,0,0,1,0,차대사람 - 기타,안전운전불이행,포장 - 건조,맑음,단일로 - 기타,승용,여,54세,상해없음,보행자,남,41세,경상
2018073100100247,2018년 7월 31일 12시,화요일,충청북도 청주시 흥덕구 오송읍,중상사고,0,1,0,0,차대사람 - 횡단중,보행자보호의무위반,포장 - 건조,맑음,교차로 - 교차로횡단보도내,승용,남,25세,기타불명,보행자,여,22세,중상
2018073100100355,2018년 7월 31일 15시,화요일,충청북도 청주시 흥덕구 봉명동,경상사고,0,0,1,0,차대사람 - 기타,안전운전불이행,포장 - 건조,맑음,단일로 - 기타,승용,남,36세,상해없음,보행자,남,29세,경상
2018073100100468,2018년 7월 31일 18시,화요일,충청북도 충주시 충의동,중상사고,0,1,0,0,차대사람 - 기타,신호위반,포장 - 건조,맑음,교차로 - 교차로안,승용,남,46세,상해없음,보행자,여,48세,중상
2018080100100132,2018년 8월 1일 08시,수요일,충청북도 괴산군 감물면,중상사고,0,1,0,0,차대사람 - 기타,안전운전불이행,포장 - 건조,맑음,단일로 - 기타,화물,남,33세,상해없음,보행자,남,60세,중상
2018080100100204,2018년 8월 1일 10시,수요일,충청북도 청주시 상당구 용암동,중상사고,0,1,0,0,차대사람 - 횡단중,신호위반,포장 - 건조,맑음,교차로 - 교차로횡단보도내,화물,남,57세,상해없음,보행자,여,52세,중상
2018080100100543,2018년 8월 1일 19시,수요일,충청북도 충주시 교현동,중상사고,0,1,1,0,차대사람 - 횡단중,보행자보호의무위반,포장 - 건조,맑음,기타 - 기타,이륜,남,27세,경상,보행자,남,50세,중상
2018080100100601,2018년 8월 1일 21시,수요일,충청북도 충주시 대소원면,경상사고,0,0,1,0,차대사람 - 기타,안전운전불이행,포장 - 건조,맑음,교차로 - 교차로부근,화물,남,59세,상해없음,보행자,여,80세,경상
2018080200100439,2018년 8월 2일 17시,목요일,충청북도 청주시 서원구 수곡동,중상사고,0,1,0,0,차대사람 - 차도통행중,안전운전불이행,포장 - 건조,맑음,단일로 - 지하차도(도로)내,화물,남,65세,상해없음,보행자,여,89세,중상
2018080300100047,2018년 8월 3일 04시,금요일,충청북도 제천시 서부동,부상신고사고,0,0,0,1,차대사람 - 횡단중,안전운전불이행,포장 - 건조,맑음,기타 - 기타,승용,남,77세,상해없음,보행자,남,72세,부상신고
2018080300100530,2018년 8월 3일 20시,금요일,충청북도 충주시 지현동,중상사고,0,1,0,0,차대사람 - 횡단중,안전운전불이행,포장 - 건조,맑음,교차로 - 교차로횡단보도내,승용,남,45세,상해없음,보행자,여,80세,중상
2018080300100623,2018년 8월 3일 23시,금요일,충청북도 단양군 단양읍,경상사고,0,0,2,0,차대사람 - 횡단중,보행자보호의무위반,포장 - 건조,맑음,단일로 - 기타,승용,남,63세,상해없음,보행자,여,45세,경상
2018080500100046,2018년 8월 5일 03시,일요일,충청북도 괴산군 장연면,경상사고,0,0,1,0,차대사람 - 횡단중,안전운전불이행,포장 - 건조,맑음,단일로 - 기타,승용,남,50세,상해없음,보행자,남,69세,경상
2018080500100182,2018년 8월 5일 12시,일요일,충청북도 청주시 상당구 서운동,경상사고,0,0,1,0,차대사람 - 길가장자리구역통행중,기타,포장 - 건조,맑음,단일로 - 지하차도(도로)내,화물,남,60세,기타불명,보행자,남,85세,경상
2018080500100304,2018년 8월 5일 16시,일요일,충청북도 괴산군 청천면,중상사고,0,1,0,0,차대사람 - 기타,불법유턴,포장 - 건조,맑음,주차장 - 주차장,승용,남,52세,상해없음,보행자,여,35세,중상
2018080500100472,2018년 8월 5일 22시,일요일,충청북도 제천시 청전동,경상사고,0,0,1,0,차대사람 - 횡단중,보행자보호의무위반,포장 - 건조,맑음,교차로 - 교차로안,이륜,남,18세,상해없음,보행자,남,36세,경상
2018080600100142,2018년 8월 6일 10시,월요일,충청북도 청주시 상당구 석교동,중상사고,0,1,0,0,차대사람 - 횡단중,기타,포장 - 건조,맑음,단일로 - 지하차도(도로)내,화물,남,53세,상해없음,보행자,여,83세,중상
2018080600100183,2018년 8월 6일 11시,월요일,충청북도 청주시 흥덕구 복대동,경상사고,0,0,1,0,차대사람 - 기타,안전운전불이행,포장 - 건조,맑음,교차로 - 교차로부근,승용,남,25세,상해없음,보행자,여,44세,경상
2018080600100396,2018년 8월 6일 17시,월요일,충청북도 제천시 중앙로2가,경상사고,0,0,1,0,차대사람 - 횡단중,보행자보호의무위반,포장 - 건조,맑음,교차로 - 교차로안,승용,여,38세,상해없음,보행자,여,52세,경상
2018080600100442,2018년 8월 6일 18시,월요일,충청북도 청주시 청원구 율량동,경상사고,0,0,1,0,차대사람 - 기타,안전운전불이행,포장 - 건조,맑음,단일로 - 기타,승용,여,32세,상해없음,보행자,여,65세,경상
2018080600100443,2018년 8월 6일 18시,월요일,충청북도 음성군 대소면,경상사고,0,0,1,0,차대사람 - 보도통행중,보행자보호의무위반,포장 - 건조,맑음,교차로 - 교차로횡단보도내,승용,여,52세,상해없음,보행자,남,43세,경상
2018080600100500,2018년 8월 6일 20시,월요일,충청북도 충주시 봉방동,경상사고,0,0,1,0,차대사람 - 횡단중,안전운전불이행,포장 - 건조,맑음,단일로 - 기타,승용,여,56세,상해없음,보행자,남,82세,경상