사고번호,사고일시,요일,시군구,사고내용,사망자수,중상자수,경상자수,부상신고자수,사고유형,법규위반,노면상태,기상상태,도로형태,가해운전자 차종,가해운전자 성별,가해운전자 연령,가해운전자 상해정도,피해운전자 차종,피해운전자 성별,피해운전자 연령,피해운전자 상해정도
2018121100100634,2018년 12월 11일 23시,화요일,충청북도 청주시 흥덕구 봉명동,경상사고,0,0,1,0,차대사람 - 기타,안전운전불이행,포장 - 젖음/습기,맑음,교차로 - 교차로횡단보도내,승용,남,29세,상해없음,보행자,여,47세,경상
2018121200100067,2018년 12월 12일 06시,수요일,충청북도 청주시 청원구 율량동,사망사고,1,0,0,0,차대사람 - 기타,안전운전불이행,포장 - 젖음/습기,흐림,단일로 - 기타,승용,남,58세,상해없음,보행자,여,59세,사망
2018121200100346,2018년 12월 12일 15시,수요일,충청북도 증평군 증평읍,경상사고,0,0,1,0,차대사람 - 기타,안전운전불이행,포장 - 건조,맑음,단일로 - 기타,승용,여,45세,상해없음,보행자,남,77세,경상
2018121200100467,2018년 12월 12일 18시,수요일,충청북도 충주시 수안보면,경상사고,0,0,1,0,차대사람 - 기타,보행자보호의무위반,포장 - 건조,맑음,교차로 - 교차로횡단보도내,승용,여,28세,상해없음,보행자,남,34세,경상
2018121200100469,2018년 12월 12일 18시,수요일,충청북도 청주시 흥덕구 가경동,중상사고,0,1,0,0,차대사람 - 기타,안전운전불이행,포장 - 건조,맑음,단일로 - 기타,승용,여,57세,상해없음,보행자,남,81세,중상
2018121200100557,2018년 12월 12일 20시,수요일,충청북도 청주시 청원구 우암동,경상사고,0,0,1,0,차대사람 - 횡단중,안전운전불이행,포장 - 건조,맑음,단일로 - 기타,이륜,남,55세,기타불명,보행자,여,64세,경상
2018121200100633,2018년 12월 12일 23시,수요일,충청북도 청주시 흥덕구 복대동,중상사고,0,1,0,0,차대사람 - 차도통행중,안전운전불이행,포장 - 건조,맑음,교차로 - 교차로부근,승용,남,55세,상해없음,보행자,남,37세,중상
2018121300100268,2018년 12월 13일 11시,목요일,충청북도 청주시 서원구 수곡동,경상사고,0,0,1,0,차대사람 - 차도통행중,안전운전불이행,포장 - 적설,맑음,단일로 - 지하차도(도로)내,승용,여,69세,상해없음,보행자,여,26세,경상
2018121300100495,2018년 12월 13일 18시,목요일,충청북도 충주시 봉방동,중상사고,0,1,0,0,차대사람 - 횡단중,보행자보호의무위반,포장 - 건조,맑음,교차로 - 교차로횡단보도내,승용,남,34세,상해없음,보행자,여,78세,중상
2018121400100009,2018년 12월 14일 00시,금요일,충청북도 음성군 대소면,경상사고,0,0,1,0,차대사람 - 기타,안전운전불이행,포장 - 건조,맑음,단일로 - 기타,승합,남,42세,상해없음,보행자,남,38세,경상
2018121400100136,2018년 12월 14일 09시,금요일,충청북도 괴산군 괴산읍,중상사고,0,1,0,0,차대사람 - 차도통행중,안전운전불이행,포장 - 건조,맑음,교차로 - 교차로안,승용,남,54세,상해없음,보행자,여,83세,중상
2018121400100461,2018년 12월 14일 17시,금요일,충청북도 청주시 흥덕구 가경동,중상사고,0,1,0,0,차대사람 - 횡단중,안전운전불이행,포장 - 건조,맑음,단일로 - 기타,승용,여,45세,상해없음,보행자,여,61세,중상
2018121500100366,2018년 12월 15일 14시,토요일,충청북도 진천군 진천읍,경상사고,0,0,1,0,차대사람 - 기타,안전운전불이행,포장 - 건조,맑음,교차로 - 교차로안,승합,남,72세,상해없음,보행자,여,12세,경상
2018121600100184,2018년 12월 16일 13시,일요일,충청북도 청주시 흥덕구 복대동,중상사고,0,1,0,0,차대사람 - 기타,안전운전불이행,포장 - 건조,맑음,교차로 - 교차로부근,승용,여,80세,상해없음,보행자,남,69세,중상
2018121600100396,2018년 12월 16일 21시,일요일,충청북도 옥천군 옥천읍,경상사고,0,0,1,0,차대사람 - 횡단중,보행자보호의무위반,포장 - 건조,맑음,교차로 - 교차로횡단보도내,승용,여,60세,상해없음,보행자,여,54세,경상
2018121700100048,2018년 12월 17일 05시,월요일,충청북도 청주시 흥덕구 봉명동,중상사고,0,1,0,0,차대사람 - 기타,안전운전불이행,포장 - 젖음/습기,비,단일로 - 기타,승용,여,54세,상해없음,보행자,남,39세,중상
2018121700100115,2018년 12월 17일 07시,월요일,충청북도 진천군 진천읍,중상사고,0,1,0,0,차대사람 - 횡단중,보행자보호의무위반,포장 - 건조,맑음,교차로 - 교차로안,승용,여,29세,상해없음,보행자,남,46세,중상
2018121700100184,2018년 12월 17일 08시,월요일,충청북도 제천시 의림동,경상사고,0,0,1,0,차대사람 - 길가장자리구역통행중,직진우회전진행방해,포장 - 적설,맑음,교차로 - 교차로안,승용,여,38세,상해없음,보행자,여,73세,경상
2018121700100327,2018년 12월 17일 12시,월요일,충청북도 충주시 교현동,중상사고,0,1,0,0,차대사람 - 길가장자리구역통행중,안전운전불이행,포장 - 건조,맑음,단일로 - 기타,승용,여,54세,상해없음,보행자,여,53세,중상
2018121700100359,2018년 12월 17일 13시,월요일,충청북도 음성군 금왕읍,경상사고,0,0,1,0,차대사람 - 횡단중,안전운전불이행,포장 - 건조,맑음,단일로 - 기타,승용,남,70세,상해없음,보행자,여,34세,경상
2018121700100397,2018년 12월 17일 14시,월요일,충청북도 제천시 남천동,경상사고,0,0,1,0,차대사람 - 횡단중,보행자보호의무위반,포장 - 건조,맑음,교차로 - 교차로부근,승용,남,82세,상해없음,보행자,남,35세,경상
2018121700100509,2018년 12월 17일 17시,월요일,충청북도 충주시 문화동,경상사고,0,0,1,0,차대사람 - 차도통행중,안전운전불이행,포장 - 젖음/습기,눈,단일로 - 기타,화물,남,52세,상해없음,보행자,남,59세,경상
2018121700100569,2018년 12월 17일 18시,월요일,충청북도 청주시 상당구 문의면,중상사고,0,1,0,0,차대사람 - 기타,안전운전불이행,포장 - 건조,맑음,교차로 - 교차로안,화물,남,66세,상해없음,보행자,여,14세,중상
2018121700100629,2018년 12월 17일 19시,월요일,충청북도 청주시 상당구 용암동,경상사고,0,0,2,0,차대사람 - 횡단중,안전운전불이행,포장 - 건조,맑음,교차로 - 교차로부근,승용,여,40세,상해없음,보행자,여,50세,경상
2018121800100452,2018년 12월 18일 17시,화요일,충청북도 충주시 봉방동,사망사고,1,0,0,0,차대사람 - 횡단중,신호위반,포장 - 건조,흐림,단일로 - 기타,승용,여,66세,상해없음,보행자,남,50세,사망
2018121900100070,2018년 12월 19일 06시,수요일,충청북도 증평군 도안면,중상사고,0,1,0,0,차대사람 - 횡단중,안전운전불이행,포장 - 건조,맑음,교차로 - 교차로안,화물,남,66세,상해없음,보행자,남,77세,중상
2018121900100073,2018년 12월 19일 06시,수요일,충청북도 청주시 서원구 분평동,경상사고,0,0,1,0,차대사람 - 횡단중,보행자보호의무위반,포장 - 건조,흐림,교차로 - 교차로횡단보도내,승용,여,44세,상해없음,보행자,남,57세,경상
2018121900100102,2018년 12월 19일 07시,수요일,충청북도 음성군 감곡면,중상사고,0,1,0,0,차대사람 - 기타,안전운전불이행,포장 - 건조,맑음,교차로 - 교차로안,승용,남,60세,상해없음,보행자,남,54세,중상
2018121900100490,2018년 12월 19일 18시,수요일,충청북도 청주시 청원구 오창읍,경상사고,0,0,1,0,차대사람 - 기타,안전운전불이행,포장 - 건조,맑음,교차로 - 교차로안,승용,남,50세,상해없음,보행자,남,49세,경상
2018121900100491,2018년 12월 19일 18시,수요일,충청북도 진천군 이월면,중상사고,0,1,0,0,차대사람 - 횡단중,안전운전불이행,포장 - 건조,맑음,교차로 - 교차로부근,승용,남,60세,상해없음,보행자,남,26세,중상
2018122000100071,2018년 12월 20일 06시,목요일,충청북도 청주시 상당구 방서동,사망사고,1,0,1,0,차대사람 - 횡단중,안전운전불이행,포장 - 건조,맑음,교차로 - 교차로횡단보도내,승용,남,77세,경상,보행자,남,86세,사망
2018122000100318,2018년 12월 20일 15시,목요일,충청북도 제천시 화산동,경상사고,0,0,1,0,차대사람 - 횡단중,보행자보호의무위반,포장 - 건조,맑음,교차로 - 교차로횡단보도내,승용,남,64세,상해없음,보행자,남,82세,경상
2018122000100378,2018년 12월 20일 17시,목요일,충청북도 청주시 흥덕구 봉명동,경상사고,0,0,1,0,차대사람 - 보도통행중,기타,포장 - 건조,맑음,교차로 - 교차로부근,승용,남,58세,상해없음,보행자,여,18세,경상
2018122000100475,2018년 12월 20일 19시,목요일,충청북도 음성군 대소면,중상사고,0,1,0,0,차대사람 - 횡단중,신호위반,포장 - 건조,맑음,교차로 - 교차로안,승용,여,57세,상해없음,보행자,남,42세,중상
2018122000100541,2018년 12월 20일 21시,목요일,충청북도 청주시 서원구 사창동,경상사고,0,0,1,0,차대사람 - 기타,안전운전불이행,포장 - 건조,맑음,단일로 - 기타,승용,남,60세,상해없음,보행자,남,34세,경상
2018122000100542,2018년 12월 20일 21시,목요일,충청북도 보은군 보은읍,부상신고사고,0,0,0,1,차대사람 - 횡단중,안전운전불이행,포장 - 건조,맑음,교차로 - 교차로안,승용,여,32세,상해없음,보행자,남,56세,부상신고
2018122000100573,2018년 12월 20일 22시,목요일,충청북도 충주시 교현동,경상사고,0,0,1,0,차대사람 - 횡단중,신호위반,포장 - 건조,맑음,단일로 - 기타,승용,남,42세,상해없음,보행자,남,23세,경상
2018122100100025,2018년 12월 21일 01시,금요일,충청북도 청주시 흥덕구 복대동,경상사고,0,0,1,0,차대사람 - 차도통행중,안전운전불이행,포장 - 건조,맑음,단일로 - 기타,승용,남,29세,상해없음,보행자,여,51세,경상
2018122100100088,2018년 12월 21일 06시,금요일,충청북도 청주시 상당구 용암동,중상사고,0,1,0,0,차대사람 - 횡단중,안전운전불이행,포장 - 건조,맑음,단일로 - 기타,승용,남,32세,상해없음,보행자,여,71세,중상
2018122100100506,2018년 12월 21일 18시,금요일,충청북도 청주시 서원구 사직동,중상사고,0,1,0,0,차대사람 - 기타,중앙선침범,포장 - 건조,맑음,단일로 - 기타,승용,여,33세,상해없음,보행자,여,79세,중상
2018122100100621,2018년 12월 21일 21시,금요일,충청북도 청주시 서원구 수곡동,중상사고,0,1,0,1,차대사람 - 횡단중,안전운전불이행,포장 - 건조,맑음,단일로 - 지하차도(도로)내,이륜,남,52세,부상신고,보행자,여,77세,중상
2018122200100377,2018년 12월 22일 15시,토요일,충청북도 청주시 상당구 용암동,경상사고,0,0,1,0,차대사람 - 길가장자리구역통행중,안전운전불이행,포장 - 건조,맑음,단일로 - 지하차도(도로)내,승용,남,39세,상해없음,보행자,남,79세,경상
2018122300100193,2018년 12월 23일 13시,일요일,충청북도 옥천군 옥천읍,경상사고,0,0,1,0,차대사람 - 횡단중,보행자보호의무위반,포장 - 건조,맑음,교차로 - 교차로횡단보도내,승용,남,37세,상해없음,보행자,여,11세,경상
2018122300100333,2018년 12월 23일 18시,일요일,충청북도 청주시 상당구 금천동,중상사고,0,1,0,0,차대사람 - 횡단중,안전운전불이행,포장 - 건조,맑음,교차로 - 교차로안,승합,여,49세,상해없음,보행자,여,88세,중상
2018122300100442,2018년 12월 23일 23시,일요일,충청북도 청주시 서원구 사창동,경상사고,0,0,1,0,차대사람 - 기타,안전운전불이행,포장 - 건조,맑음,단일로 - 기타,승용,남,19세,상해없음,보행자,남,24세,경상
2018122400100210,2018년 12월 24일 11시,월요일,충청북도 보은군 보은읍,중상사고,0,2,0,0,차대사람 - 보도통행중,안전운전불이행,포장 - 건조,맑음,교차로 - 교차로안,화물,남,51세,상해없음,보행자,남,85세,중상
2018122400100236,2018년 12월 24일 12시,월요일,충청북도 청주시 흥덕구 복대동,중상사고,0,1,0,0,차대사람 - 횡단중,신호위반,포장 - 건조,맑음,교차로 - 교차로부근,승용,남,78세,상해없음,보행자,여,58세,중상
2018122400100281,2018년 12월 24일 13시,월요일,충청북도 청주시 서원구 사직동,중상사고,0,1,0,0,차대사람 - 길가장자리구역통행중,안전운전불이행,포장 - 건조,맑음,단일로 - 기타,승용,여,52세,상해없음,보행자,남,66세,중상
2018122400100313,2018년 12월 24일 14시,월요일,충청북도 증평군 증평읍,중상사고,0,1,0,0,차대사람 - 기타,안전운전불이행,포장 - 건조,맑음,단일로 - 기타,승용,남,90세 이상,상해없음,보행자,남,72세,중상
2018122400100416,2018년 12월 24일 17시,월요일,충청북도 영동군 영동읍,중상사고,0,1,0,0,차대사람 - 기타,보행자보호의무위반,포장 - 건조,맑음,교차로 - 교차로횡단보도내,승용,남,24세,상해없음,보행자,여,74세,중상
2018122500100006,2018년 12월 25일 00시,화요일,충청북도 청주시 상당구 용암동,중상사고,0,1,0,0,차대사람 - 횡단중,안전운전불이행,포장 - 건조,맑음,교차로 - 교차로안,승용,남,48세,상해없음,보행자,여,37세,중상
2018122500100401,2018년 12월 25일 22시,화요일,충청북도 청주시 서원구 사창동,경상사고,0,0,1,0,차대사람 - 기타,안전운전불이행,포장 - 건조,맑음,단일로 - 기타,승용,남,24세,기타불명,보행자,여,21세,경상
2018122600100031,2018년 12월 26일 02시,수요일,충청북도 충주시 동량면,중상사고,0,1,0,0,차대사람 - 기타,안전운전불이행,포장 - 건조,맑음,단일로 - 기타,승용,남,59세,상해없음,보행자,남,36세,중상
2018122600100042,2018년 12월 26일 04시,수요일,충청북도 청주시 서원구 수곡동,중상사고,0,1,0,0,차대사람 - 횡단중,신호위반,포장 - 건조,맑음,교차로 - 교차로횡단보도내,화물,남,57세,상해없음,보행자,남,23세,중상
2018122600100181,2018년 12월 26일 11시,수요일,충청북도 보은군 보은읍,경상사고,0,0,1,0,차대사람 - 기타,안전운전불이행,포장 - 건조,맑음,단일로 - 지하차도(도로)내,승용,남,65세,상해없음,보행자,여,63세,경상
2018122600100182,2018년 12월 26일 11시,수요일,충청북도 청주시 상당구 낭성면,중상사고,0,1,0,0,차대사람 - 기타,안전운전불이행,포장 - 건조,맑음,단일로 - 기타,화물,남,55세,상해없음,보행자,여,86세,중상
2018122600100294,2018년 12월 26일 14시,수요일,충청북도 충주시 금가면,경상사고,0,0,2,0,차대사람 - 횡단중,안전운전불이행,포장 - 건조,맑음,기타 - 기타,승용,여,44세,상해없음,보행자,여,15세,경상
2018122600100396,2018년 12월 26일 17시,수요일,충청북도 청주시 상당구 용정동,중상사고,0,1,0,0,차대사람 - 횡단중,신호위반,포장 - 건조,맑음,교차로 - 교차로횡단보도내,이륜,남,19세,상해없음,보행자,남,31세,중상
2018122600100481,2018년 12월 26일 19시,수요일,충청북도 충주시 달천동,중상사고,0,1,0,0,차대사람 - 기타,안전운전불이행,포장 - 건조,맑음,단일로 - 기타,승용,남,28세,상해없음,보행자,남,81세,중상
2018122700100203,2018년 12월 27일 11시,목요일,충청북도 영동군 영동읍,경상사고,0,0,1,0,차대사람 - 횡단중,보행자보호의무위반,포장 - 건조,맑음,단일로 - 기타,화물,남,70세,상해없음,보행자,여,48세,경상
2018122700100351,2018년 12월 27일 16시,목요일,충청북도 충주시 봉방동,경상사고,0,0,1,0,차대사람 - 횡단중,보행자보호의무위반,포장 - 건조,맑음,교차로 - 교차로횡단보도내,승용,남,46세,상해없음,보행자,남,10세,경상
2018122700100393,2018년 12월 27일 17시,목요일,충청북도 청주시 청원구 율량동,경상사고,0,0,1,0,차대사람 - 기타,안전운전불이행,포장 - 건조,맑음,단일로 - 기타,기타불명,기타불명,미분류,기타불명,보행자,여,20세,경상
2018122700100394,2018년 12월 27일 17시,목요일,충청북도 충주시 문화동,중상사고,0,1,0,0,차대사람 - 횡단중,안전운전불이행,포장 - 건조,맑음,기타 - 기타,승용,여,50세,상해없음,보행자,여,81세,중상
2018122700100395,2018년 12월 27일 17시,목요일,충청북도 청주시 상당구 용정동,경상사고,0,0,1,0,차대사람 - 횡단중,안전운전불이행,포장 - 건조,맑음,단일로 - 지하차도(도로)내,승용,남,33세,상해없음,보행자,남,13세,경상
2018122700100571,2018년 12월 27일 21시,목요일,충청북도 청주시 흥덕구 복대동,경상사고,0,0,1,0,차대사람 - 기타,안전운전불이행,포장 - 건조,맑음,단일로 - 기타,승합,남,64세,상해없음,보행자,남,26세,경상
2018122800100011,2018년 12월 28일 00시,금요일,충청북도 음성군 대소면,사망사고,1,0,0,0,차대사람 - 차도통행중,안전운전불이행,포장 - 건조,맑음,교차로 - 교차로부근,승용,여,25세,상해없음,보행자,남,57세,사망
2018122800100384,2018년 12월 28일 16시,금요일,충청북도 제천시 서부동,중상사고,0,1,0,0,차대사람 - 횡단중,보행자보호의무위반,포장 - 건조,맑음,단일로 - 기타,승용,남,56세,상해없음,보행자,여,68세,중상
2018122800100466,2018년 12월 28일 18시,금요일,충청북도 청주시 흥덕구 복대동,경상사고,0,0,1,0,차대사람 - 기타,기타,포장 - 건조,맑음,단일로 - 기타,이륜,남,42세,상해없음,보행자,남,13세,경상
2018122800100591,2018년 12월 28일 21시,금요일,충청북도 청주시 흥덕구 봉명동,경상사고,0,0,1,0,차대사람 - 기타,안전운전불이행,포장 - 건조,맑음,교차로 - 교차로안,이륜,남,30세,상해없음,보행자,남,55세,경상
2018122900100045,2018년 12월 29일 02시,토요일,충청북도 청주시 서원구 산남동,경상사고,0,0,1,0,차대사람 - 횡단중,신호위반,포장 - 건조,맑음,교차로 - 교차로안,승용,남,65세,상해없음,보행자,여,19세,경상
2018122900100185,2018년 12월 29일 12시,토요일,충청북도 청주시 상당구 문화동,중상사고,0,1,0,0,차대사람 - 횡단중,신호위반,포장 - 건조,맑음,교차로 - 교차로횡단보도내,승용,남,55세,상해없음,보행자,여,69세,중상
2018122900100466,2018년 12월 29일 22시,토요일,충청북도 충주시 안림동,중상사고,0,1,0,0,차대사람 - 길가장자리구역통행중,안전운전불이행,포장 - 건조,맑음,교차로 - 교차로부근,승용,여,55세,상해없음,보행자,남,32세,중상
2018123000100076,2018년 12월 30일 06시,일요일,충청북도 청주시 상당구 영운동,중상사고,0,1,0,0,차대사람 - 기타,안전운전불이행,포장 - 건조,맑음,교차로 - 교차로부근,승용,남,51세,상해없음,보행자,남,54세,중상
2018123000100193,2018년 12월 30일 14시,일요일,충청북도 옥천군 옥천읍,중상사고,0,1,0,0,차대사람 - 기타,보행자보호의무위반,포장 - 건조,맑음,교차로 - 교차로횡단보도내,승합,남,60세,상해없음,보행자,여,64세,중상
2018123000100287,2018년 12월 30일 18시,일요일,충청북도 청주시 서원구 분평동,경상사고,0,0,1,0,차대사람 - 차도통행중,안전운전불이행,포장 - 건조,맑음,단일로 - 지하차도(도로)내,승용,남,30세,상해없음,보행자,여,66세,경상
2018123100100166,2018년 12월 31일 11시,월요일,충청북도 괴산군 괴산읍,중상사고,0,1,0,0,차대사람 - 횡단중,안전운전불이행,포장 - 건조,맑음,단일로 - 기타,화물,남,77세,상해없음,보행자,여,65세,중상
2018123100100265,2018년 12월 31일 14시,월요일,충청북도 청주시 서원구 사직동,중상사고,0,1,0,0,차대사람 - 횡단중,안전운전불이행,포장 - 건조,맑음,교차로 - 교차로부근,승용,남,57세,상해없음,보행자,여,55세,중상
2018123100100570,2018년 12월 31일 21시,월요일,충청북도 증평군 증평읍,중상사고,0,1,0,0,차대사람 - 기타,안전운전불이행,포장 - 건조,맑음,단일로 - 기타,승용,여,66세,상해없음,보행자,남,58세,중상
2019010100100211,2019년 1월 1일 15시,화요일,충청북도 청주시 청원구 오창읍,중상사고,0,1,0,0,차대사람 - 횡단중,보행자보호의무위반,포장 - 건조,맑음,교차로 - 교차로안,승용,남,46세,상해없음,보행자,남,78세,중상
2019010100100338,2019년 1월 1일 22시,화요일,충청북도 청주시 상당구 금천동,중상사고,0,1,0,0,차대사람 - 기타,안전운전불이행,포장 - 건조,맑음,단일로 - 기타,승용,여,40세,상해없음,보행자,여,43세,중상
2019010200100065,2019년 1월 2일 06시,수요일,충청북도 충주시 연수동,중상사고,0,1,0,0,차대사람 - 횡단중,안전운전불이행,포장 - 건조,흐림,단일로 - 기타,승용,여,62세,상해없음,보행자,여,77세,중상
2019010200100090,2019년 1월 2일 07시,수요일,충청북도 제천시 화산동,중상사고,0,1,0,0,차대사람 - 차도통행중,중앙선침범,포장 - 건조,맑음,교차로 - 교차로부근,화물,남,58세,상해없음,보행자,남,84세,중상
2019010200100463,2019년 1월 2일 20시,수요일,충청북도 충주시 봉방동,중상사고,0,1,0,0,차대사람 - 기타,안전운전불이행,포장 - 건조,맑음,단일로 - 기타,승용,여,66세,기타불명,보행자,여,84세,중상
2019010300100293,2019년 1월 3일 15시,목요일,충청북도 증평군 증평읍,경상사고,0,0,1,0,차대사람 - 기타,안전운전불이행,포장 - 건조,맑음,교차로 - 교차로부근,승용,여,56세,상해없음,보행자,여,80세,경상
2019010300100344,2019년 1월 3일 17시,목요일,충청북도 진천군 진천읍,중상사고,0,1,0,0,차대사람 - 기타,안전운전불이행,포장 - 건조,맑음,교차로 - 교차로부근,화물,남,61세,기타불명,보행자,여,63세,중상
2019010300100390,2019년 1월 3일 18시,목요일,충청북도 청주시 서원구 사직동,경상사고,0,0,1,0,차대사람 - 기타,보행자보호의무위반,포장 - 건조,흐림,교차로 - 교차로횡단보도내,승용,남,65세,상해없음,보행자,여,54세,경상
2019010400100140,2019년 1월 4일 09시,금요일,충청북도 청주시 청원구 오창읍,중상사고,0,1,0,0,차대사람 - 보도통행중,안전운전불이행,포장 - 건조,맑음,단일로 - 기타,승용,남,58세,상해없음,보행자,남,16세,중상
2019010500100212,2019년 1월 5일 12시,토요일,충청북도 충주시 칠금동,경상사고,0,0,1,0,차대사람 - 기타,기타,포장 - 건조,맑음,기타 - 기타,기타불명,기타불명,미분류,기타불명,보행자,여,39세,경상
2019010500100252,2019년 1월 5일 13시,토요일,충청북도 충주시 충인동,경상사고,0,0,1,0,차대사람 - 기타,안전운전불이행,포장 - 건조,맑음,단일로 - 기타,승용,남,80세,상해없음,보행자,남,57세,경상
2019010500100331,2019년 1월 5일 16시,토요일,충청북도 옥천군 옥천읍,경상사고,0,0,1,0,차대사람 - 기타,보행자보호의무위반,포장 - 건조,맑음,교차로 - 교차로횡단보도내,승용,남,41세,상해없음,보행자,여,51세,경상
2019010600100121,2019년 1월 6일 10시,일요일,충청북도 제천시 의림동,경상사고,0,0,1,0,차대사람 - 기타,안전운전불이행,포장 - 건조,맑음,단일로 - 기타,승용,남,63세,상해없음,보행자,남,60세,경상
2019010600100244,2019년 1월 6일 16시,일요일,충청북도 제천시 신백동,중상사고,0,1,0,0,차대사람 - 횡단중,보행자보호의무위반,포장 - 건조,맑음,단일로 - 지하차도(도로)내,승용,여,55세,상해없음,보행자,여,3세,중상
2019010700100069,2019년 1월 7일 06시,월요일,충청북도 충주시 연수동,중상사고,0,1,0,0,차대사람 - 기타,안전운전불이행,포장 - 건조,맑음,기타 - 기타,승용,남,43세,상해없음,보행자,여,69세,중상
2019010700100070,2019년 1월 7일 06시,월요일,충청북도 진천군 덕산면,경상사고,0,0,1,0,차대사람 - 보도통행중,보행자보호의무위반,포장 - 건조,맑음,교차로 - 교차로횡단보도내,화물,남,40세,상해없음,보행자,남,63세,경상
2019010700100087,2019년 1월 7일 07시,월요일,충청북도 청주시 상당구 용담동,중상사고,0,1,0,0,차대사람 - 기타,보행자보호의무위반,포장 - 건조,맑음,교차로 - 교차로부근,승용,여,37세,상해없음,보행자,남,51세,중상
2019010700100483,2019년 1월 7일 20시,월요일,충청북도 청주시 청원구 오창읍,중상사고,0,1,1,0,차대사람 - 횡단중,신호위반,포장 - 건조,맑음,교차로 - 교차로안,이륜,남,23세,상해없음,보행자,여,62세,중상
2019010700100535,2019년 1월 7일 23시,월요일,충청북도 충주시 연수동,부상신고사고,0,0,0,1,차대사람 - 기타,안전운전불이행,포장 - 건조,맑음,단일로 - 기타,승용,남,44세,상해없음,보행자,남,22세,부상신고
2019010800100115,2019년 1월 8일 08시,화요일,충청북도 증평군 증평읍,중상사고,0,1,0,0,차대사람 - 횡단중,보행자보호의무위반,포장 - 건조,맑음,교차로 - 교차로횡단보도내,승용,여,31세,상해없음,보행자,여,21세,중상
2019010800100232,2019년 1월 8일 12시,화요일,충청북도 청주시 서원구 분평동,중상사고,0,1,0,0,차대사람 - 횡단중,안전운전불이행,포장 - 건조,맑음,단일로 - 기타,승용,남,37세,상해없음,보행자,여,74세,중상
2019010800100288,2019년 1월 8일 14시,화요일,충청북도 청주시 청원구 사천동,경상사고,0,0,1,0,차대사람 - 횡단중,신호위반,포장 - 건조,맑음,교차로 - 교차로안,화물,남,51세,상해없음,보행자,여,85세,경상
2019010800100348,2019년 1월 8일 16시,화요일,충청북도 청주시 흥덕구 가경동,중상사고,0,1,0,0,차대사람 - 기타,안전운전불이행,포장 - 건조,맑음,단일로 - 기타,승용,남,45세,상해없음,보행자,여,82세,중상
2019010800100452,2019년 1월 8일 19시,화요일,충청북도 청주시 청원구 사천동,중상사고,0,1,0,0,차대사람 - 차도통행중,안전운전불이행,포장 - 건조,맑음,교차로 - 교차로안,승용,여,56세,상해없음,보행자,여,59세,중상
2019010900100054,2019년 1월 9일 04시,수요일,충청북도 청주시 서원구 성화동,중상사고,0,1,0,0,차대사람 - 횡단중,안전운전불이행,포장 - 건조,맑음,교차로 - 교차로안,승용,남,51세,상해없음,보행자,여,69세,중상
2019010900100267,2019년 1월 9일 14시,수요일,충청북도 옥천군 옥천읍,경상사고,0,0,1,0,차대사람 - 기타,안전운전불이행,포장 - 건조,맑음,단일로 - 기타,화물,남,71세,상해없음,보행자,여,5세,경상
2019010900100301,2019년 1월 9일 15시,수요일,충청북도 청주시 청원구 우암동,경상사고,0,0,1,0,차대사람 - 기타,안전운전불이행,포장 - 건조,맑음,교차로 - 교차로안,승용,남,28세,상해없음,보행자,남,17세,경상
2019010900100335,2019년 1월 9일 16시,수요일,충청북도 충주시 신니면,중상사고,0,1,0,0,차대사람 - 기타,안전운전불이행,포장 - 건조,맑음,교차로 - 교차로안,승용,남,33세,상해없음,보행자,남,84세,중상
2019010900100504,2019년 1월 9일 21시,수요일,충청북도 충주시 문화동,경상사고,0,0,1,0,차대사람 - 기타,안전운전불이행,포장 - 건조,맑음,기타 - 기타,승용,남,24세,상해없음,보행자,남,72세,경상
2019010900100533,2019년 1월 9일 22시,수요일,충청북도 청주시 청원구 우암동,중상사고,0,1,0,0,차대사람 - 기타,안전운전불이행,포장 - 건조,맑음,단일로 - 기타,승합,여,50세,기타불명,보행자,남,52세,중상
2019011000100152,2019년 1월 10일 10시,목요일,충청북도 청주시 서원구 현도면,경상사고,0,0,1,0,차대사람 - 기타,안전운전불이행,포장 - 건조,맑음,교차로 - 교차로부근,승용,남,30세,상해없음,보행자,남,47세,경상
2019011000100277,2019년 1월 10일 15시,목요일,충청북도 충주시 충의동,중상사고,0,1,0,0,차대사람 - 기타,안전운전불이행,포장 - 건조,맑음,교차로 - 교차로안,승용,남,79세,상해없음,보행자,여,84세,중상
2019011000100312,2019년 1월 10일 16시,목요일,충청북도 청주시 상당구 남문로2가동,중상사고,0,1,0,0,차대사람 - 보도통행중,기타,포장 - 건조,맑음,단일로 - 기타,승용,여,59세,상해없음,보행자,여,76세,중상
2019011000100346,2019년 1월 10일 17시,목요일,충청북도 청주시 청원구 우암동,중상사고,0,1,0,0,차대사람 - 기타,안전운전불이행,포장 - 건조,맑음,단일로 - 기타,승용,남,75세,상해없음,보행자,남,82세,중상
2019011000100348,2019년 1월 10일 17시,목요일,충청북도 제천시 청전동,경상사고,0,0,1,0,차대사람 - 횡단중,안전운전불이행,포장 - 건조,맑음,교차로 - 교차로부근,승용,여,44세,상해없음,보행자,여,52세,경상