사고번호,사고일시,요일,시군구,사고내용,사망자수,중상자수,경상자수,부상신고자수,사고유형,법규위반,노면상태,기상상태,도로형태,가해운전자 차종,가해운전자 성별,가해운전자 연령,가해운전자 상해정도,피해운전자 차종,피해운전자 성별,피해운전자 연령,피해운전자 상해정도
2019021600100586,2019년 2월 16일 22시,토요일,충청북도 충주시 교현동,경상사고,0,0,1,0,차대사람 - 길가장자리구역통행중,안전운전불이행,포장 - 건조,맑음,단일로 - 기타,화물,남,54세,상해없음,보행자,남,20세,경상
2019021700100071,2019년 2월 17일 02시,일요일,충청북도 청주시 청원구 오창읍,경상사고,0,0,1,0,차대사람 - 차도통행중,안전운전불이행,포장 - 건조,맑음,단일로 - 기타,승용,여,61세,상해없음,보행자,남,50세,경상
2019021700100263,2019년 2월 17일 15시,일요일,충청북도 제천시 청전동,중상사고,0,1,0,0,차대사람 - 횡단중,안전운전불이행,포장 - 건조,맑음,교차로 - 교차로안,승용,남,20세,상해없음,보행자,여,71세,중상
2019021700100296,2019년 2월 17일 16시,일요일,충청북도 청주시 상당구 용암동,경상사고,0,0,2,0,차대사람 - 횡단중,신호위반,포장 - 건조,맑음,교차로 - 교차로횡단보도내,이륜,남,39세,경상,보행자,남,13세,경상
2019021800100187,2019년 2월 18일 10시,월요일,충청북도 청주시 청원구 율량동,중상사고,0,1,0,0,차대사람 - 차도통행중,안전운전불이행,포장 - 건조,맑음,단일로 - 기타,승용,여,37세,상해없음,보행자,여,68세,중상
2019021800100188,2019년 2월 18일 10시,월요일,충청북도 괴산군 불정면,중상사고,0,1,0,0,차대사람 - 길가장자리구역통행중,안전운전불이행,포장 - 건조,맑음,단일로 - 기타,화물,남,69세,상해없음,보행자,여,84세,중상
2019021800100414,2019년 2월 18일 18시,월요일,충청북도 충주시 연수동,경상사고,0,0,1,0,차대사람 - 횡단중,보행자보호의무위반,포장 - 건조,흐림,교차로 - 교차로횡단보도내,승용,여,45세,상해없음,보행자,남,76세,경상
2019021900100410,2019년 2월 19일 18시,화요일,충청북도 음성군 금왕읍,경상사고,0,0,1,0,차대사람 - 차도통행중,안전운전불이행,포장 - 건조,맑음,단일로 - 지하차도(도로)내,승용,여,28세,상해없음,보행자,남,29세,경상
2019021900100479,2019년 2월 19일 20시,화요일,충청북도 청주시 청원구 내덕동,중상사고,0,1,0,0,차대사람 - 횡단중,안전운전불이행,포장 - 건조,맑음,단일로 - 기타,승용,여,36세,상해없음,보행자,남,50세,중상
2019021900100481,2019년 2월 19일 20시,화요일,충청북도 청주시 서원구 산남동,경상사고,0,0,1,0,차대사람 - 횡단중,보행자보호의무위반,포장 - 젖음/습기,비,교차로 - 교차로횡단보도내,이륜,남,25세,상해없음,보행자,남,23세,경상
2019022000100223,2019년 2월 20일 12시,수요일,충청북도 충주시 충의동,중상사고,0,1,0,0,차대사람 - 기타,안전운전불이행,포장 - 건조,맑음,단일로 - 기타,승용,여,58세,상해없음,보행자,여,83세,중상
2019022000100536,2019년 2월 20일 22시,수요일,충청북도 청주시 흥덕구 봉명동,경상사고,0,0,2,0,차대사람 - 횡단중,보행자보호의무위반,포장 - 건조,맑음,교차로 - 교차로안,승용,여,41세,상해없음,보행자,여,58세,경상
2019022100100319,2019년 2월 21일 14시,목요일,충청북도 청주시 상당구 남문로1가동,경상사고,0,0,1,0,차대사람 - 횡단중,안전운전불이행,포장 - 건조,맑음,단일로 - 지하차도(도로)내,승용,남,69세,상해없음,보행자,여,66세,경상
2019022100100450,2019년 2월 21일 18시,목요일,충청북도 단양군 단양읍,경상사고,0,0,1,0,차대사람 - 횡단중,안전운전불이행,포장 - 건조,흐림,교차로 - 교차로부근,화물,남,70세,상해없음,보행자,여,19세,경상
2019022100100451,2019년 2월 21일 18시,목요일,충청북도 청주시 흥덕구 향정동,중상사고,0,1,0,0,차대사람 - 기타,안전운전불이행,포장 - 건조,맑음,단일로 - 기타,승용,남,43세,상해없음,보행자,남,25세,중상
2019022100100505,2019년 2월 21일 19시,목요일,충청북도 옥천군 옥천읍,중상사고,0,1,0,0,차대사람 - 횡단중,보행자보호의무위반,포장 - 건조,맑음,교차로 - 교차로횡단보도내,승용,남,62세,상해없음,보행자,여,66세,중상
2019022200100137,2019년 2월 22일 08시,금요일,충청북도 진천군 진천읍,중상사고,0,1,0,0,차대사람 - 횡단중,보행자보호의무위반,포장 - 건조,맑음,교차로 - 교차로안,화물,남,54세,상해없음,보행자,남,80세,중상
2019022200100345,2019년 2월 22일 15시,금요일,충청북도 제천시 중앙로2가,중상사고,0,1,0,0,차대사람 - 길가장자리구역통행중,안전운전불이행,포장 - 건조,맑음,교차로 - 교차로부근,승용,여,30세,상해없음,보행자,남,60세,중상
2019022300100144,2019년 2월 23일 08시,토요일,충청북도 제천시 한수면,사망사고,1,0,0,0,차대사람 - 횡단중,보행자보호의무위반,포장 - 건조,맑음,단일로 - 지하차도(도로)내,화물,남,56세,상해없음,보행자,여,80세,사망
2019022300100509,2019년 2월 23일 19시,토요일,충청북도 청주시 상당구 용암동,중상사고,0,1,0,0,차대사람 - 횡단중,보행자보호의무위반,포장 - 건조,맑음,교차로 - 교차로횡단보도내,화물,남,65세,상해없음,보행자,남,62세,중상
2019022400100355,2019년 2월 24일 19시,일요일,충청북도 청주시 상당구 석교동,경상사고,0,0,1,0,차대사람 - 보도통행중,안전운전불이행,포장 - 건조,맑음,단일로 - 지하차도(도로)내,화물,남,45세,상해없음,보행자,여,67세,경상
2019022500100376,2019년 2월 25일 16시,월요일,충청북도 청주시 청원구 오창읍,경상사고,0,0,1,0,차대사람 - 기타,신호위반,포장 - 건조,맑음,교차로 - 교차로안,승용,여,36세,상해없음,보행자,여,9세,경상
2019022500100561,2019년 2월 25일 21시,월요일,충청북도 보은군 보은읍,중상사고,0,1,0,0,차대사람 - 횡단중,안전운전불이행,포장 - 건조,맑음,교차로 - 교차로안,승용,여,42세,상해없음,보행자,여,69세,중상
2019022600100069,2019년 2월 26일 06시,화요일,충청북도 충주시 교현동,경상사고,0,0,1,0,차대사람 - 차도통행중,안전운전불이행,포장 - 건조,맑음,교차로 - 교차로안,승용,여,70세,상해없음,보행자,남,64세,경상
2019022600100494,2019년 2월 26일 20시,화요일,충청북도 청주시 흥덕구 복대동,경상사고,0,0,1,0,차대사람 - 기타,보행자보호의무위반,포장 - 건조,맑음,교차로 - 교차로부근,승용,남,26세,상해없음,보행자,여,21세,경상
2019022700100284,2019년 2월 27일 14시,수요일,충청북도 충주시 충인동,경상사고,0,0,1,0,차대사람 - 차도통행중,안전운전불이행,포장 - 건조,맑음,단일로 - 기타,승용,여,45세,상해없음,보행자,여,50세,경상
2019022700100344,2019년 2월 27일 16시,수요일,충청북도 괴산군 청천면,사망사고,1,0,0,0,차대사람 - 횡단중,중앙선침범,포장 - 젖음/습기,비,단일로 - 기타,화물,남,23세,상해없음,보행자,남,85세,사망
2019022800100071,2019년 2월 28일 05시,목요일,충청북도 옥천군 이원면,중상사고,0,1,0,0,차대사람 - 기타,안전운전불이행,포장 - 젖음/습기,안개,단일로 - 기타,화물,여,25세,상해없음,보행자,여,83세,중상
2019022800100501,2019년 2월 28일 19시,목요일,충청북도 청주시 흥덕구 오송읍,경상사고,0,0,1,0,차대사람 - 횡단중,신호위반,포장 - 건조,맑음,단일로 - 기타,승용,여,21세,상해없음,보행자,여,28세,경상
2019022800100502,2019년 2월 28일 19시,목요일,충청북도 청주시 서원구 수곡동,중상사고,0,1,0,0,차대사람 - 횡단중,안전운전불이행,포장 - 건조,맑음,교차로 - 교차로부근,승용,여,23세,상해없음,보행자,여,75세,중상
2019030100100188,2019년 3월 1일 11시,금요일,충청북도 청주시 흥덕구 수의동,중상사고,0,1,0,0,차대사람 - 횡단중,안전운전불이행,포장 - 건조,맑음,교차로 - 교차로횡단보도내,승용,남,74세,상해없음,보행자,여,84세,중상
2019030100100236,2019년 3월 1일 13시,금요일,충청북도 청주시 흥덕구 복대동,경상사고,0,0,1,0,차대사람 - 횡단중,중앙선침범,포장 - 건조,맑음,교차로 - 교차로부근,승용,남,36세,상해없음,보행자,여,23세,경상
2019030100100265,2019년 3월 1일 14시,금요일,충청북도 충주시 대소원면,중상사고,0,1,0,0,차대사람 - 기타,안전운전불이행,포장 - 건조,맑음,기타 - 기타,승용,여,57세,상해없음,보행자,여,61세,중상
2019030200100202,2019년 3월 2일 13시,토요일,충청북도 충주시 노은면,경상사고,0,0,1,0,차대사람 - 기타,기타,포장 - 건조,맑음,단일로 - 기타,특수,남,45세,상해없음,보행자,남,30세,경상
2019030200100360,2019년 3월 2일 18시,토요일,충청북도 청주시 상당구 남일면,중상사고,0,1,0,0,차대사람 - 횡단중,안전운전불이행,포장 - 건조,맑음,단일로 - 기타,화물,남,50세,상해없음,보행자,남,49세,중상
2019030300100238,2019년 3월 3일 16시,일요일,충청북도 청주시 상당구 미원면,중상사고,0,1,0,0,차대사람 - 기타,기타,포장 - 건조,맑음,단일로 - 기타,승용,여,61세,상해없음,보행자,여,86세,중상
2019030300100361,2019년 3월 3일 21시,일요일,충청북도 청주시 청원구 내덕동,경상사고,0,0,1,0,차대사람 - 기타,안전운전불이행,포장 - 건조,맑음,단일로 - 기타,화물,남,74세,상해없음,보행자,남,30세,경상
2019030300100377,2019년 3월 3일 22시,일요일,충청북도 충주시 단월동,경상사고,0,0,1,0,차대사람 - 횡단중,안전운전불이행,포장 - 건조,흐림,단일로 - 기타,승용,여,43세,상해없음,보행자,남,22세,경상
2019030400100116,2019년 3월 4일 09시,월요일,충청북도 영동군 영동읍,중상사고,0,1,0,0,차대사람 - 보도통행중,기타,포장 - 건조,맑음,단일로 - 기타,화물,남,48세,상해없음,보행자,여,85세,중상
2019030400100201,2019년 3월 4일 12시,월요일,충청북도 청주시 서원구 성화동,경상사고,0,0,1,0,차대사람 - 차도통행중,안전운전불이행,포장 - 건조,맑음,단일로 - 기타,승용,여,37세,상해없음,보행자,남,39세,경상
2019030400100334,2019년 3월 4일 16시,월요일,충청북도 청주시 흥덕구 송절동,중상사고,0,1,0,0,차대사람 - 횡단중,보행자보호의무위반,포장 - 건조,맑음,교차로 - 교차로횡단보도내,승용,남,65세,상해없음,보행자,여,6세,중상
2019030600100059,2019년 3월 6일 05시,수요일,충청북도 청주시 청원구 오창읍,중상사고,0,1,0,0,차대사람 - 기타,안전운전불이행,포장 - 건조,맑음,단일로 - 기타,승합,남,34세,상해없음,보행자,여,82세,중상
2019030600100479,2019년 3월 6일 19시,수요일,충청북도 청주시 청원구 사천동,경상사고,0,0,1,0,차대사람 - 기타,안전운전불이행,포장 - 건조,맑음,단일로 - 기타,승용,여,64세,상해없음,보행자,남,12세,경상
2019030600100515,2019년 3월 6일 20시,수요일,충청북도 청주시 흥덕구 운천동,중상사고,0,1,0,0,차대사람 - 횡단중,안전운전불이행,포장 - 건조,맑음,교차로 - 교차로부근,화물,남,47세,상해없음,보행자,남,55세,중상
2019030700100169,2019년 3월 7일 09시,목요일,충청북도 제천시 영천동,중상사고,0,1,0,0,차대사람 - 횡단중,보행자보호의무위반,포장 - 건조,맑음,교차로 - 교차로횡단보도내,승용,남,59세,상해없음,보행자,여,76세,중상
2019030700100224,2019년 3월 7일 11시,목요일,충청북도 청주시 상당구 북문로2가동,경상사고,0,0,1,0,차대사람 - 기타,안전운전불이행,포장 - 건조,맑음,단일로 - 기타,승용,여,27세,상해없음,보행자,여,70세,경상
2019030700100603,2019년 3월 7일 22시,목요일,충청북도 청주시 서원구 수곡동,중상사고,0,1,0,0,차대사람 - 횡단중,과속,포장 - 건조,맑음,교차로 - 교차로횡단보도내,승용,남,26세,상해없음,보행자,여,44세,중상
2019030700100623,2019년 3월 7일 23시,목요일,충청북도 제천시 청전동,사망사고,1,1,0,0,차대사람 - 차도통행중,안전운전불이행,포장 - 건조,맑음,교차로 - 교차로부근,승용,남,65세,상해없음,보행자,남,46세,사망
2019030800100224,2019년 3월 8일 10시,금요일,충청북도 충주시 성남동,경상사고,0,0,1,0,차대사람 - 기타,안전운전불이행,포장 - 건조,맑음,교차로 - 교차로안,승용,남,74세,상해없음,보행자,남,71세,경상
2019030800100723,2019년 3월 8일 23시,금요일,충청북도 제천시 중앙로1가,경상사고,0,0,1,0,차대사람 - 횡단중,안전운전불이행,포장 - 건조,맑음,교차로 - 교차로안,승용,남,37세,상해없음,보행자,남,38세,경상
2019030900100255,2019년 3월 9일 12시,토요일,충청북도 청주시 상당구 영동,중상사고,0,1,0,0,차대사람 - 보도통행중,중앙선침범,포장 - 건조,맑음,단일로 - 기타,승용,여,27세,상해없음,보행자,남,22세,중상
2019030900100369,2019년 3월 9일 15시,토요일,충청북도 청주시 서원구 사창동,경상사고,0,0,1,0,차대사람 - 기타,안전운전불이행,포장 - 건조,맑음,교차로 - 교차로부근,승용,남,33세,상해없음,보행자,여,64세,경상
2019030900100411,2019년 3월 9일 16시,토요일,충청북도 충주시 성서동,경상사고,0,0,1,0,차대사람 - 보도통행중,안전운전불이행,포장 - 건조,맑음,단일로 - 기타,승용,남,30세,상해없음,보행자,여,12세,경상
2019030900100516,2019년 3월 9일 19시,토요일,충청북도 제천시 신백동,중상사고,0,1,0,0,차대사람 - 차도통행중,안전운전불이행,포장 - 건조,맑음,교차로 - 교차로안,화물,남,55세,상해없음,보행자,남,11세,중상
2019030900100517,2019년 3월 9일 19시,토요일,충청북도 진천군 덕산면,경상사고,0,0,1,0,차대사람 - 길가장자리구역통행중,안전운전불이행,포장 - 건조,맑음,단일로 - 기타,승용,남,54세,상해없음,보행자,남,37세,경상
2019031000100023,2019년 3월 10일 00시,일요일,충청북도 청주시 서원구 분평동,경상사고,0,0,1,0,차대사람 - 기타,안전운전불이행,포장 - 건조,맑음,단일로 - 지하차도(도로)내,승용,남,28세,상해없음,보행자,남,16세,경상
2019031000100223,2019년 3월 10일 14시,일요일,충청북도 청주시 상당구 서문동,경상사고,0,0,1,0,차대사람 - 기타,안전운전불이행,포장 - 건조,맑음,교차로 - 교차로부근,승용,여,46세,상해없음,보행자,남,81세,경상
2019031000100311,2019년 3월 10일 17시,일요일,충청북도 청주시 서원구 수곡동,부상신고사고,0,0,0,1,차대사람 - 차도통행중,안전운전불이행,포장 - 건조,맑음,교차로 - 교차로안,승용,남,43세,상해없음,보행자,남,51세,부상신고
2019031000100379,2019년 3월 10일 19시,일요일,충청북도 청주시 청원구 율량동,중상사고,0,1,0,0,차대사람 - 횡단중,신호위반,포장 - 건조,맑음,단일로 - 기타,승용,남,61세,상해없음,보행자,남,23세,중상
2019031000100381,2019년 3월 10일 19시,일요일,충청북도 옥천군 옥천읍,중상사고,0,1,0,0,차대사람 - 횡단중,보행자보호의무위반,포장 - 젖음/습기,비,단일로 - 기타,승용,남,40세,상해없음,보행자,남,68세,중상
2019031100100156,2019년 3월 11일 09시,월요일,충청북도 청주시 상당구 용암동,경상사고,0,0,1,0,차대사람 - 횡단중,보행자보호의무위반,포장 - 건조,맑음,교차로 - 교차로횡단보도내,승용,남,59세,상해없음,보행자,남,7세,경상
2019031100100228,2019년 3월 11일 12시,월요일,충청북도 괴산군 장연면,중상사고,0,1,0,0,차대사람 - 기타,기타,포장 - 건조,맑음,단일로 - 기타,화물,남,50세,상해없음,보행자,남,81세,중상
2019031100100481,2019년 3월 11일 19시,월요일,충청북도 증평군 증평읍,경상사고,0,0,1,0,차대사람 - 횡단중,안전운전불이행,포장 - 젖음/습기,비,교차로 - 교차로횡단보도내,승용,남,60세,상해없음,보행자,여,54세,경상
2019031200100023,2019년 3월 12일 00시,화요일,충청북도 청주시 서원구 사창동,중상사고,0,1,0,0,차대사람 - 기타,안전운전불이행,포장 - 젖음/습기,비,단일로 - 기타,이륜,남,38세,상해없음,보행자,남,56세,중상
2019031200100055,2019년 3월 12일 05시,화요일,충청북도 청주시 흥덕구 봉명동,중상사고,0,1,0,0,차대사람 - 횡단중,신호위반,포장 - 건조,맑음,교차로 - 교차로횡단보도내,화물,남,56세,상해없음,보행자,여,55세,중상
2019031200100108,2019년 3월 12일 08시,화요일,충청북도 청주시 청원구 오창읍,경상사고,0,0,1,0,차대사람 - 기타,안전운전불이행,포장 - 건조,맑음,단일로 - 기타,승용,여,23세,상해없음,보행자,여,33세,경상
2019031200100325,2019년 3월 12일 15시,화요일,충청북도 증평군 증평읍,경상사고,0,0,1,0,차대사람 - 횡단중,보행자보호의무위반,포장 - 건조,맑음,교차로 - 교차로횡단보도내,승용,여,29세,상해없음,보행자,여,70세,경상
2019031200100514,2019년 3월 12일 20시,화요일,충청북도 충주시 연수동,경상사고,0,0,1,0,차대사람 - 횡단중,신호위반,포장 - 건조,흐림,교차로 - 교차로횡단보도내,이륜,남,19세,상해없음,보행자,남,13세,경상
2019031200100550,2019년 3월 12일 21시,화요일,충청북도 청주시 서원구 산남동,경상사고,0,0,1,0,차대사람 - 보도통행중,기타,포장 - 건조,맑음,기타 - 기타,원동기,남,54세,상해없음,보행자,여,58세,경상
2019031300100155,2019년 3월 13일 09시,수요일,충청북도 보은군 회인면,중상사고,0,1,0,0,차대사람 - 횡단중,안전운전불이행,포장 - 건조,맑음,교차로 - 교차로안,승용,남,88세,상해없음,보행자,남,90세 이상,중상
2019031300100194,2019년 3월 13일 10시,수요일,충청북도 청주시 상당구 금천동,경상사고,0,0,1,0,차대사람 - 횡단중,신호위반,포장 - 건조,맑음,교차로 - 교차로횡단보도내,승용,남,73세,상해없음,보행자,여,36세,경상
2019031300100330,2019년 3월 13일 14시,수요일,충청북도 청주시 상당구 수동,경상사고,0,0,1,0,차대사람 - 보도통행중,기타,포장 - 건조,맑음,교차로 - 교차로부근,승용,여,56세,상해없음,보행자,여,76세,경상
2019031300100447,2019년 3월 13일 17시,수요일,충청북도 청주시 흥덕구 봉명동,경상사고,0,0,1,0,차대사람 - 횡단중,보행자보호의무위반,포장 - 건조,맑음,교차로 - 교차로횡단보도내,승용,여,45세,상해없음,보행자,여,42세,경상
2019031300100524,2019년 3월 13일 19시,수요일,충청북도 단양군 단양읍,경상사고,0,0,1,0,차대사람 - 횡단중,안전운전불이행,포장 - 건조,맑음,단일로 - 기타,이륜,남,20세,상해없음,보행자,남,15세,경상
2019031400100065,2019년 3월 14일 05시,목요일,충청북도 청주시 청원구 우암동,중상사고,0,1,0,0,차대사람 - 기타,안전운전불이행,포장 - 건조,맑음,주차장 - 주차장,승합,남,52세,상해없음,보행자,남,76세,중상
2019031400100094,2019년 3월 14일 07시,목요일,충청북도 음성군 음성읍,중상사고,0,3,0,0,차대사람 - 횡단중,신호위반,포장 - 건조,맑음,교차로 - 교차로안,승용,남,23세,상해없음,보행자,여,41세,중상
2019031400100136,2019년 3월 14일 08시,목요일,충청북도 제천시 의림동,중상사고,0,1,0,0,차대사람 - 차도통행중,안전운전불이행,포장 - 건조,맑음,교차로 - 교차로안,승용,남,63세,상해없음,보행자,남,74세,중상
2019031400100243,2019년 3월 14일 11시,목요일,충청북도 청주시 청원구 내덕동,중상사고,0,1,0,0,차대사람 - 횡단중,안전운전불이행,포장 - 건조,맑음,교차로 - 교차로안,화물,남,51세,상해없음,보행자,여,85세,중상
2019031400100359,2019년 3월 14일 15시,목요일,충청북도 청주시 서원구 사직동,경상사고,0,0,1,0,차대사람 - 횡단중,안전운전불이행,포장 - 건조,맑음,단일로 - 기타,승용,남,38세,상해없음,보행자,여,10세,경상
2019031500100232,2019년 3월 15일 11시,금요일,충청북도 음성군 금왕읍,중상사고,0,1,0,0,차대사람 - 기타,안전운전불이행,포장 - 건조,맑음,교차로 - 교차로안,승용,여,65세,상해없음,보행자,여,63세,중상
2019031500100405,2019년 3월 15일 16시,금요일,충청북도 충주시 금릉동,경상사고,0,0,1,0,차대사람 - 기타,안전운전불이행,포장 - 건조,맑음,교차로 - 교차로횡단보도내,승용,남,53세,상해없음,보행자,여,74세,경상
2019031500100699,2019년 3월 15일 22시,금요일,충청북도 제천시 중앙로2가,중상사고,0,1,0,0,차대사람 - 횡단중,안전운전불이행,포장 - 젖음/습기,맑음,교차로 - 교차로안,승합,남,38세,상해없음,보행자,남,23세,중상
2019031700100071,2019년 3월 17일 03시,일요일,충청북도 청주시 흥덕구 가경동,경상사고,0,0,1,0,차대사람 - 기타,안전운전불이행,포장 - 건조,맑음,교차로 - 교차로횡단보도내,승용,남,59세,상해없음,보행자,남,54세,경상
2019031700100399,2019년 3월 17일 18시,일요일,충청북도 청주시 서원구 사창동,경상사고,0,0,1,0,차대사람 - 기타,안전운전불이행,포장 - 건조,맑음,단일로 - 기타,승용,남,75세,기타불명,보행자,여,23세,경상
2019031700100424,2019년 3월 17일 19시,일요일,충청북도 옥천군 이원면,중상사고,0,1,0,0,차대사람 - 차도통행중,안전운전불이행,포장 - 건조,맑음,단일로 - 기타,승용,여,51세,상해없음,보행자,남,62세,중상
2019031800100282,2019년 3월 18일 13시,월요일,충청북도 청주시 서원구 사직동,경상사고,0,0,1,0,차대사람 - 횡단중,안전운전불이행,포장 - 건조,맑음,교차로 - 교차로부근,승용,여,30세,기타불명,보행자,남,64세,경상
2019031800100536,2019년 3월 18일 21시,월요일,충청북도 음성군 금왕읍,경상사고,0,0,1,0,차대사람 - 기타,안전운전불이행,포장 - 건조,맑음,교차로 - 교차로안,승용,남,66세,상해없음,보행자,남,54세,경상
2019031900100051,2019년 3월 19일 03시,화요일,충청북도 청주시 서원구 사직동,중상사고,0,1,0,0,차대사람 - 길가장자리구역통행중,안전운전불이행,포장 - 건조,맑음,단일로 - 기타,승용,여,38세,상해없음,보행자,여,32세,중상
2019031900100189,2019년 3월 19일 10시,화요일,충청북도 청주시 청원구 내덕동,중상사고,0,1,0,0,차대사람 - 기타,안전운전불이행,포장 - 건조,맑음,교차로 - 교차로부근,승합,남,36세,상해없음,보행자,여,71세,중상
2019031900100211,2019년 3월 19일 11시,화요일,충청북도 청주시 흥덕구 외북동,중상사고,0,1,0,0,차대사람 - 기타,안전운전불이행,포장 - 건조,맑음,교차로 - 교차로부근,화물,남,61세,상해없음,보행자,남,35세,중상
2019031900100290,2019년 3월 19일 14시,화요일,충청북도 음성군 음성읍,중상사고,0,1,0,0,차대사람 - 횡단중,안전운전불이행,포장 - 건조,맑음,단일로 - 교량,화물,남,49세,상해없음,보행자,여,57세,중상
2019031900100359,2019년 3월 19일 16시,화요일,충청북도 청주시 서원구 사직동,경상사고,0,0,1,0,차대사람 - 횡단중,신호위반,포장 - 건조,맑음,교차로 - 교차로횡단보도내,승용,남,46세,상해없음,보행자,여,21세,경상
2019031900100390,2019년 3월 19일 17시,화요일,충청북도 청주시 흥덕구 봉명동,중상사고,0,1,0,0,차대사람 - 횡단중,안전운전불이행,포장 - 건조,맑음,교차로 - 교차로부근,승용,여,38세,상해없음,보행자,남,11세,중상
2019031900100426,2019년 3월 19일 18시,화요일,충청북도 청주시 서원구 사창동,경상사고,0,0,1,0,차대사람 - 기타,안전운전불이행,포장 - 건조,흐림,단일로 - 기타,승용,여,23세,상해없음,보행자,여,27세,경상
2019031900100457,2019년 3월 19일 19시,화요일,충청북도 영동군 영동읍,중상사고,0,1,0,0,차대사람 - 기타,안전운전불이행,포장 - 건조,맑음,교차로 - 교차로부근,승용,남,64세,상해없음,보행자,여,68세,중상
2019031900100458,2019년 3월 19일 19시,화요일,충청북도 청주시 흥덕구 운천동,경상사고,0,0,1,0,차대사람 - 기타,안전운전불이행,포장 - 건조,맑음,단일로 - 기타,승용,남,25세,기타불명,보행자,남,46세,경상
2019032000100230,2019년 3월 20일 11시,수요일,충청북도 음성군 금왕읍,중상사고,0,1,0,0,차대사람 - 길가장자리구역통행중,안전운전불이행,포장 - 건조,맑음,교차로 - 교차로부근,승용,여,65세,상해없음,보행자,남,82세,중상
2019032000100636,2019년 3월 20일 21시,수요일,충청북도 청주시 청원구 율량동,중상사고,0,1,0,0,차대사람 - 기타,안전운전불이행,포장 - 젖음/습기,비,단일로 - 기타,승용,여,37세,상해없음,보행자,남,49세,중상
2019032100100303,2019년 3월 21일 13시,목요일,충청북도 청주시 청원구 사천동,중상사고,0,1,0,0,차대사람 - 횡단중,보행자보호의무위반,포장 - 건조,맑음,교차로 - 교차로안,승용,남,66세,상해없음,보행자,여,70세,중상
2019032200100041,2019년 3월 22일 02시,금요일,충청북도 청주시 서원구 사창동,경상사고,0,0,1,0,차대사람 - 기타,안전운전불이행,포장 - 건조,맑음,단일로 - 기타,승용,남,24세,상해없음,보행자,남,27세,경상
2019032200100309,2019년 3월 22일 14시,금요일,충청북도 청주시 흥덕구 봉명동,경상사고,0,0,1,0,차대사람 - 기타,안전운전불이행,포장 - 건조,맑음,단일로 - 기타,승용,남,43세,상해없음,보행자,여,61세,경상
2019032200100378,2019년 3월 22일 16시,금요일,충청북도 제천시 청전동,경상사고,0,0,1,0,차대사람 - 횡단중,안전운전불이행,포장 - 건조,맑음,단일로 - 기타,승용,여,25세,상해없음,보행자,남,54세,경상
2019032200100379,2019년 3월 22일 16시,금요일,충청북도 진천군 광혜원면,중상사고,0,1,0,0,차대사람 - 기타,안전운전불이행,포장 - 건조,맑음,교차로 - 교차로안,승용,남,48세,상해없음,보행자,여,69세,중상
2019032200100420,2019년 3월 22일 17시,금요일,충청북도 충주시 칠금동,경상사고,0,0,1,0,차대사람 - 기타,안전운전불이행,포장 - 건조,맑음,기타 - 기타,승용,여,52세,상해없음,보행자,여,10세,경상
2019032200100477,2019년 3월 22일 18시,금요일,충청북도 제천시 중앙로2가,경상사고,0,0,1,0,차대사람 - 횡단중,안전운전불이행,포장 - 건조,맑음,교차로 - 교차로부근,승용,남,54세,상해없음,보행자,여,21세,경상
2019032400100193,2019년 3월 24일 11시,일요일,충청북도 청주시 흥덕구 오송읍,경상사고,0,0,1,0,차대사람 - 기타,안전운전불이행,포장 - 건조,맑음,교차로 - 교차로부근,승용,남,53세,기타불명,보행자,남,24세,경상
2019032400100215,2019년 3월 24일 12시,일요일,충청북도 청주시 청원구 우암동,중상사고,0,1,0,0,차대사람 - 기타,안전운전불이행,포장 - 건조,맑음,교차로 - 교차로안,승용,여,59세,상해없음,보행자,남,32세,중상
2019032400100277,2019년 3월 24일 14시,일요일,충청북도 청주시 상당구 금천동,경상사고,0,0,2,0,차대사람 - 횡단중,신호위반,포장 - 건조,맑음,교차로 - 교차로횡단보도내,승합,남,48세,상해없음,보행자,남,67세,경상
2019032500100030,2019년 3월 25일 02시,월요일,충청북도 보은군 보은읍,부상신고사고,0,0,0,1,차대사람 - 기타,안전운전불이행,포장 - 건조,흐림,주차장 - 주차장,승용,여,59세,상해없음,보행자,남,49세,부상신고
2019032500100031,2019년 3월 25일 02시,월요일,충청북도 보은군 보은읍,중상사고,0,1,0,0,차대사람 - 보도통행중,안전운전불이행,포장 - 건조,맑음,단일로 - 지하차도(도로)내,승합,여,19세,상해없음,보행자,남,81세,중상
2019032500100047,2019년 3월 25일 05시,월요일,충청북도 청주시 서원구 사직동,사망사고,1,0,0,0,차대사람 - 횡단중,안전운전불이행,포장 - 건조,맑음,단일로 - 기타,특수,남,45세,상해없음,보행자,여,79세,사망
2019032500100155,2019년 3월 25일 09시,월요일,충청북도 보은군 보은읍,중상사고,0,1,0,0,차대사람 - 기타,안전운전불이행,포장 - 건조,맑음,주차장 - 주차장,화물,남,25세,상해없음,보행자,남,74세,중상
2019032500100238,2019년 3월 25일 12시,월요일,충청북도 제천시 청전동,중상사고,0,1,0,0,차대사람 - 횡단중,보행자보호의무위반,포장 - 건조,맑음,교차로 - 교차로횡단보도내,이륜,남,20세,상해없음,보행자,여,60세,중상