사고번호,사고일시,요일,시군구,사고내용,사망자수,중상자수,경상자수,부상신고자수,사고유형,법규위반,노면상태,기상상태,도로형태,가해운전자 차종,가해운전자 성별,가해운전자 연령,가해운전자 상해정도,피해운전자 차종,피해운전자 성별,피해운전자 연령,피해운전자 상해정도
2019072300100558,2019년 7월 23일 19시,화요일,충청북도 영동군 영동읍,중상사고,0,1,0,0,차대사람 - 보도통행중,기타,포장 - 건조,맑음,기타 - 기타,자전거,남,11세,상해없음,보행자,여,51세,중상
2019072300100598,2019년 7월 23일 20시,화요일,충청북도 충주시 연수동,경상사고,0,0,1,0,차대사람 - 차도통행중,안전운전불이행,포장 - 건조,맑음,교차로 - 교차로부근,승용,남,27세,상해없음,보행자,여,24세,경상
2019072300100648,2019년 7월 23일 22시,화요일,충청북도 진천군 진천읍,경상사고,0,0,1,0,차대사람 - 기타,안전운전불이행,포장 - 건조,맑음,단일로 - 기타,승용,남,54세,상해없음,보행자,남,26세,경상
2019072400100122,2019년 7월 24일 08시,수요일,충청북도 청주시 흥덕구 송정동,경상사고,0,0,1,0,차대사람 - 차도통행중,안전운전불이행,포장 - 건조,맑음,단일로 - 기타,승용,남,28세,상해없음,보행자,남,27세,경상
2019072400100194,2019년 7월 24일 10시,수요일,충청북도 청주시 청원구 우암동,경상사고,0,0,1,0,차대사람 - 기타,안전운전불이행,포장 - 건조,맑음,단일로 - 기타,승합,남,56세,상해없음,보행자,여,24세,경상
2019072400100265,2019년 7월 24일 12시,수요일,충청북도 진천군 진천읍,중상사고,0,1,0,0,차대사람 - 횡단중,안전운전불이행,포장 - 건조,맑음,단일로 - 기타,승용,여,44세,상해없음,보행자,여,58세,중상
2019072400100380,2019년 7월 24일 15시,수요일,충청북도 청주시 서원구 남이면,경상사고,0,0,1,0,차대사람 - 횡단중,안전운전불이행,포장 - 건조,맑음,단일로 - 기타,화물,남,46세,상해없음,보행자,남,37세,경상
2019072400100476,2019년 7월 24일 17시,수요일,충청북도 충주시 연수동,경상사고,0,0,1,0,차대사람 - 횡단중,보행자보호의무위반,포장 - 건조,흐림,교차로 - 교차로횡단보도내,승용,남,49세,상해없음,보행자,여,19세,경상
2019072400100477,2019년 7월 24일 17시,수요일,충청북도 청주시 흥덕구 봉명동,중상사고,0,1,0,0,차대사람 - 횡단중,안전운전불이행,포장 - 건조,맑음,교차로 - 교차로부근,승합,여,43세,상해없음,보행자,여,13세,중상
2019072400100605,2019년 7월 24일 20시,수요일,충청북도 청주시 상당구 용암동,경상사고,0,0,1,0,차대사람 - 횡단중,안전운전불이행,포장 - 건조,맑음,교차로 - 교차로안,승용,남,48세,상해없음,보행자,여,1세,경상
2019072500100476,2019년 7월 25일 18시,목요일,충청북도 충주시 문화동,경상사고,0,0,1,0,차대사람 - 차도통행중,안전운전불이행,포장 - 젖음/습기,비,단일로 - 기타,화물,남,61세,상해없음,보행자,남,53세,경상
2019072500100551,2019년 7월 25일 20시,목요일,충청북도 보은군 보은읍,중상사고,0,1,0,0,차대사람 - 횡단중,보행자보호의무위반,포장 - 젖음/습기,비,교차로 - 교차로횡단보도내,승용,남,30세,상해없음,보행자,여,55세,중상
2019072600100464,2019년 7월 26일 18시,금요일,충청북도 괴산군 괴산읍,경상사고,0,0,1,0,차대사람 - 차도통행중,안전운전불이행,포장 - 건조,맑음,단일로 - 기타,승용,여,56세,상해없음,보행자,남,55세,경상
2019072700100425,2019년 7월 27일 16시,토요일,충청북도 청주시 서원구 수곡동,경상사고,0,0,1,0,차대사람 - 횡단중,안전운전불이행,포장 - 건조,맑음,단일로 - 기타,이륜,남,23세,상해없음,보행자,여,83세,경상
2019072700100529,2019년 7월 27일 19시,토요일,충청북도 청주시 청원구 주성동,중상사고,0,1,0,0,차대사람 - 기타,기타,포장 - 젖음/습기,맑음,기타 - 기타,이륜,남,33세,상해없음,보행자,여,26세,중상
2019072700100598,2019년 7월 27일 21시,토요일,충청북도 보은군 보은읍,중상사고,0,1,0,0,차대사람 - 기타,안전운전불이행,포장 - 건조,맑음,교차로 - 교차로안,승용,남,36세,기타불명,보행자,남,62세,중상
2019072700100599,2019년 7월 27일 21시,토요일,충청북도 옥천군 옥천읍,경상사고,0,0,2,0,차대사람 - 횡단중,보행자보호의무위반,포장 - 젖음/습기,비,교차로 - 교차로부근,승용,남,47세,상해없음,보행자,여,25세,경상
2019072800100041,2019년 7월 28일 01시,일요일,충청북도 충주시 연수동,경상사고,0,0,1,0,차대사람 - 차도통행중,안전운전불이행,포장 - 건조,맑음,단일로 - 기타,승용,남,22세,상해없음,보행자,남,24세,경상
2019072900100470,2019년 7월 29일 17시,월요일,충청북도 청주시 상당구 북문로1가동,경상사고,0,0,1,0,차대사람 - 차도통행중,안전거리미확보,포장 - 건조,맑음,단일로 - 지하차도(도로)내,이륜,남,49세,상해없음,보행자,남,34세,경상
2019072900100513,2019년 7월 29일 18시,월요일,충청북도 제천시 고암동,중상사고,0,1,0,0,차대사람 - 기타,안전운전불이행,포장 - 건조,맑음,주차장 - 주차장,승용,남,66세,상해없음,보행자,여,6세,중상
2019072900100568,2019년 7월 29일 19시,월요일,충청북도 충주시 칠금동,중상사고,0,1,0,0,차대사람 - 보도통행중,보행자보호의무위반,포장 - 건조,맑음,기타 - 기타,승용,남,63세,상해없음,보행자,여,83세,중상
2019072900100626,2019년 7월 29일 21시,월요일,충청북도 청주시 흥덕구 향정동,경상사고,0,0,1,0,차대사람 - 횡단중,보행자보호의무위반,포장 - 건조,맑음,교차로 - 교차로횡단보도내,승용,남,47세,상해없음,보행자,남,26세,경상
2019073000100482,2019년 7월 30일 17시,화요일,충청북도 충주시 용산동,중상사고,0,1,0,0,차대사람 - 기타,안전운전불이행,포장 - 건조,맑음,기타 - 기타,승용,남,54세,상해없음,보행자,여,71세,중상
2019073000100626,2019년 7월 30일 21시,화요일,충청북도 청주시 흥덕구 봉명동,경상사고,0,0,1,0,차대사람 - 기타,불법유턴,포장 - 건조,맑음,교차로 - 교차로안,승용,남,63세,상해없음,보행자,여,21세,경상
2019073100100159,2019년 7월 31일 09시,수요일,충청북도 청주시 흥덕구 복대동,중상사고,0,1,0,0,차대사람 - 횡단중,보행자보호의무위반,포장 - 건조,맑음,교차로 - 교차로횡단보도내,승용,남,19세,상해없음,보행자,여,40세,중상
2019073100100401,2019년 7월 31일 16시,수요일,충청북도 괴산군 청천면,중상사고,0,1,0,0,차대사람 - 기타,안전운전불이행,포장 - 건조,맑음,교차로 - 교차로안,화물,남,53세,상해없음,보행자,여,84세,중상
2019073100100536,2019년 7월 31일 19시,수요일,충청북도 옥천군 옥천읍,중상사고,0,1,0,0,차대사람 - 횡단중,교차로운행방법위반,포장 - 건조,맑음,교차로 - 교차로안,화물,남,49세,상해없음,보행자,여,86세,중상
2019073100100678,2019년 7월 31일 23시,수요일,충청북도 음성군 음성읍,중상사고,0,1,0,0,차대사람 - 차도통행중,안전운전불이행,포장 - 건조,맑음,단일로 - 기타,승용,남,34세,상해없음,보행자,남,22세,중상
2019080200100075,2019년 8월 2일 05시,금요일,충청북도 충주시 살미면,사망사고,1,0,0,0,차대사람 - 기타,안전운전불이행,포장 - 건조,맑음,기타 - 기타,승용,남,48세,상해없음,보행자,여,65세,사망
2019080200100118,2019년 8월 2일 08시,금요일,충청북도 영동군 용산면,경상사고,0,0,1,0,차대사람 - 기타,안전운전불이행,포장 - 건조,맑음,교차로 - 교차로안,승용,여,56세,상해없음,보행자,남,41세,경상
2019080300100061,2019년 8월 3일 03시,토요일,충청북도 음성군 대소면,중상사고,0,1,0,0,차대사람 - 기타,안전운전불이행,포장 - 건조,맑음,주차장 - 주차장,승용,남,56세,상해없음,보행자,남,55세,중상
2019080300100236,2019년 8월 3일 12시,토요일,충청북도 청주시 흥덕구 복대동,경상사고,0,0,1,0,차대사람 - 보도통행중,신호위반,포장 - 건조,맑음,교차로 - 교차로횡단보도내,승용,남,34세,상해없음,보행자,남,35세,경상
2019080300100298,2019년 8월 3일 14시,토요일,충청북도 단양군 단양읍,경상사고,0,0,1,0,차대사람 - 기타,안전운전불이행,포장 - 건조,맑음,단일로 - 기타,승용,여,44세,상해없음,보행자,남,22세,경상
2019080300100507,2019년 8월 3일 21시,토요일,충청북도 청주시 상당구 문화동,중상사고,0,1,0,0,차대사람 - 기타,안전거리미확보,포장 - 건조,맑음,교차로 - 교차로부근,승합,남,66세,상해없음,보행자,여,57세,중상
2019080400100068,2019년 8월 4일 03시,일요일,충청북도 청주시 흥덕구 복대동,중상사고,0,1,0,0,차대사람 - 횡단중,안전운전불이행,포장 - 건조,맑음,교차로 - 교차로부근,승용,남,60세,상해없음,보행자,여,75세,중상
2019080400100155,2019년 8월 4일 10시,일요일,충청북도 청주시 상당구 미원면,경상사고,0,0,1,0,차대사람 - 기타,안전운전불이행,포장 - 건조,맑음,단일로 - 지하차도(도로)내,승용,남,82세,상해없음,보행자,여,60세,경상
2019080400100210,2019년 8월 4일 12시,일요일,충청북도 청주시 서원구 수곡동,경상사고,0,0,1,0,차대사람 - 기타,안전운전불이행,포장 - 건조,맑음,단일로 - 지하차도(도로)내,승용,여,59세,상해없음,보행자,남,48세,경상
2019080400100272,2019년 8월 4일 14시,일요일,충청북도 괴산군 괴산읍,경상사고,0,0,1,0,차대사람 - 횡단중,보행자보호의무위반,포장 - 건조,맑음,교차로 - 교차로안,화물,남,64세,상해없음,보행자,여,20세,경상
2019080400100303,2019년 8월 4일 15시,일요일,충청북도 제천시 강제동,사망사고,1,0,1,0,차대사람 - 차도통행중,안전운전불이행,포장 - 건조,맑음,단일로 - 지하차도(도로)내,이륜,남,33세,경상,보행자,남,75세,사망
2019080400100361,2019년 8월 4일 17시,일요일,충청북도 괴산군 괴산읍,경상사고,0,0,1,0,차대사람 - 길가장자리구역통행중,안전운전불이행,포장 - 건조,맑음,단일로 - 기타,승합,남,21세,상해없음,보행자,남,51세,경상
2019080500100228,2019년 8월 5일 11시,월요일,충청북도 청주시 흥덕구 운천동,중상사고,0,1,0,0,차대사람 - 횡단중,신호위반,포장 - 건조,맑음,교차로 - 교차로횡단보도내,승용,남,28세,상해없음,보행자,남,52세,중상
2019080500100277,2019년 8월 5일 12시,월요일,충청북도 진천군 광혜원면,경상사고,0,0,1,0,차대사람 - 횡단중,안전운전불이행,포장 - 건조,맑음,교차로 - 교차로부근,이륜,여,55세,상해없음,보행자,남,8세,경상
2019080500100278,2019년 8월 5일 12시,월요일,충청북도 청주시 서원구 모충동,경상사고,0,0,1,0,차대사람 - 기타,안전운전불이행,포장 - 건조,맑음,단일로 - 기타,승용,남,81세,상해없음,보행자,남,30세,경상
2019080500100486,2019년 8월 5일 17시,월요일,충청북도 청주시 상당구 금천동,중상사고,0,1,0,0,차대사람 - 차도통행중,안전운전불이행,포장 - 건조,맑음,단일로 - 지하차도(도로)내,승합,남,72세,상해없음,보행자,여,64세,중상
2019080600100193,2019년 8월 6일 10시,화요일,충청북도 제천시 장락동,중상사고,0,1,0,0,차대사람 - 횡단중,안전운전불이행,포장 - 건조,맑음,교차로 - 교차로횡단보도내,화물,남,30세,상해없음,보행자,여,69세,중상
2019080600100579,2019년 8월 6일 20시,화요일,충청북도 청주시 흥덕구 봉명동,부상신고사고,0,0,0,1,차대사람 - 기타,안전운전불이행,포장 - 건조,맑음,단일로 - 지하차도(도로)내,승합,남,59세,상해없음,보행자,남,66세,부상신고
2019080700100128,2019년 8월 7일 08시,수요일,충청북도 청주시 서원구 사직동,경상사고,0,0,1,0,차대사람 - 횡단중,보행자보호의무위반,포장 - 건조,맑음,단일로 - 기타,승용,남,35세,상해없음,보행자,여,64세,경상
2019080700100222,2019년 8월 7일 11시,수요일,충청북도 옥천군 옥천읍,중상사고,0,1,0,0,차대사람 - 차도통행중,안전운전불이행,포장 - 건조,맑음,단일로 - 기타,화물,남,77세,상해없음,보행자,남,46세,중상
2019080700100223,2019년 8월 7일 11시,수요일,충청북도 청주시 흥덕구 봉명동,중상사고,0,1,0,0,차대사람 - 횡단중,신호위반,포장 - 건조,맑음,교차로 - 교차로횡단보도내,승용,여,29세,상해없음,보행자,여,26세,중상
2019080700100303,2019년 8월 7일 13시,수요일,충청북도 제천시 중앙로2가,중상사고,0,1,0,0,차대사람 - 횡단중,안전운전불이행,포장 - 건조,맑음,기타 - 기타,승용,남,66세,상해없음,보행자,여,62세,중상
2019080700100381,2019년 8월 7일 15시,수요일,충청북도 제천시 장락동,경상사고,0,0,1,0,차대사람 - 보도통행중,보행자보호의무위반,포장 - 건조,맑음,교차로 - 교차로부근,승용,여,61세,상해없음,보행자,여,7세,경상
2019080700100519,2019년 8월 7일 18시,수요일,충청북도 청주시 서원구 사창동,중상사고,0,1,0,0,차대사람 - 길가장자리구역통행중,안전운전불이행,포장 - 건조,맑음,단일로 - 기타,승용,여,37세,상해없음,보행자,남,73세,중상
2019080800100090,2019년 8월 8일 07시,목요일,충청북도 제천시 화산동,경상사고,0,0,1,0,차대사람 - 기타,안전운전불이행,포장 - 건조,맑음,기타 - 기타,승용,남,68세,상해없음,보행자,남,58세,경상
2019080800100153,2019년 8월 8일 09시,목요일,충청북도 영동군 영동읍,중상사고,0,1,0,0,차대사람 - 횡단중,보행자보호의무위반,포장 - 건조,맑음,단일로 - 기타,승용,여,52세,상해없음,보행자,여,63세,중상
2019080800100154,2019년 8월 8일 09시,목요일,충청북도 청주시 상당구 용암동,중상사고,0,1,0,0,차대사람 - 횡단중,보행자보호의무위반,포장 - 건조,맑음,교차로 - 교차로횡단보도내,승용,여,43세,상해없음,보행자,여,71세,중상
2019080800100281,2019년 8월 8일 12시,목요일,충청북도 청주시 흥덕구 운천동,경상사고,0,0,1,0,차대사람 - 횡단중,안전운전불이행,포장 - 건조,맑음,교차로 - 교차로안,화물,남,57세,상해없음,보행자,여,9세,경상
2019080800100595,2019년 8월 8일 21시,목요일,충청북도 청주시 청원구 사천동,중상사고,0,1,0,0,차대사람 - 기타,중앙선침범,포장 - 젖음/습기,흐림,교차로 - 교차로부근,승용,여,54세,상해없음,보행자,남,46세,중상
2019080900100415,2019년 8월 9일 15시,금요일,충청북도 청주시 서원구 사창동,중상사고,0,1,0,0,차대사람 - 횡단중,보행자보호의무위반,포장 - 건조,맑음,단일로 - 기타,승용,여,53세,상해없음,보행자,여,17세,중상
2019080900100416,2019년 8월 9일 15시,금요일,충청북도 청주시 서원구 분평동,경상사고,0,0,1,0,차대사람 - 횡단중,보행자보호의무위반,포장 - 건조,맑음,단일로 - 지하차도(도로)내,승용,여,45세,상해없음,보행자,여,7세,경상
2019080900100558,2019년 8월 9일 18시,금요일,충청북도 청주시 흥덕구 가경동,중상사고,0,1,0,0,차대사람 - 길가장자리구역통행중,안전운전불이행,포장 - 건조,맑음,단일로 - 기타,승용,남,34세,상해없음,보행자,남,56세,중상
2019080900100708,2019년 8월 9일 22시,금요일,충청북도 충주시 연수동,경상사고,0,0,2,0,차대사람 - 보도통행중,신호위반,포장 - 건조,맑음,교차로 - 교차로횡단보도내,이륜,남,40세,상해없음,보행자,남,6세,경상
2019080900100709,2019년 8월 9일 22시,금요일,충청북도 증평군 증평읍,중상사고,0,1,0,0,차대사람 - 횡단중,안전운전불이행,포장 - 건조,맑음,교차로 - 교차로부근,승용,남,26세,상해없음,보행자,남,65세,중상
2019081000100143,2019년 8월 10일 07시,토요일,충청북도 음성군 감곡면,중상사고,0,1,0,0,차대사람 - 횡단중,안전운전불이행,포장 - 건조,맑음,교차로 - 교차로안,승용,여,46세,상해없음,보행자,여,64세,중상
2019081000100318,2019년 8월 10일 12시,토요일,충청북도 옥천군 옥천읍,경상사고,0,0,1,0,차대사람 - 길가장자리구역통행중,안전운전불이행,포장 - 건조,맑음,단일로 - 기타,화물,남,77세,상해없음,보행자,여,75세,경상
2019081000100361,2019년 8월 10일 13시,토요일,충청북도 청주시 서원구 사직동,중상사고,0,1,0,0,차대사람 - 기타,안전운전불이행,포장 - 건조,맑음,단일로 - 기타,자전거,남,12세,상해없음,보행자,여,58세,중상
2019081000100634,2019년 8월 10일 21시,토요일,충청북도 청주시 흥덕구 석소동,중상사고,0,1,1,0,차대사람 - 차도통행중,안전운전불이행,포장 - 건조,맑음,단일로 - 지하차도(도로)내,승합,남,56세,상해없음,보행자,남,57세,중상
2019081100100027,2019년 8월 11일 00시,일요일,충청북도 청주시 청원구 내덕동,부상신고사고,0,0,0,1,차대사람 - 기타,안전운전불이행,포장 - 젖음/습기,비,단일로 - 기타,승용,남,54세,상해없음,보행자,남,54세,부상신고
2019081100100137,2019년 8월 11일 10시,일요일,충청북도 청주시 흥덕구 복대동,경상사고,0,0,1,0,차대사람 - 기타,안전운전불이행,포장 - 건조,맑음,단일로 - 기타,승용,여,34세,상해없음,보행자,남,59세,경상
2019081200100264,2019년 8월 12일 11시,월요일,충청북도 청주시 상당구 석교동,중상사고,0,1,0,0,차대사람 - 보도통행중,안전운전불이행,포장 - 건조,맑음,단일로 - 지하차도(도로)내,승용,여,57세,상해없음,보행자,여,74세,중상
2019081200100615,2019년 8월 12일 19시,월요일,충청북도 청주시 상당구 금천동,경상사고,0,0,1,0,차대사람 - 횡단중,보행자보호의무위반,포장 - 건조,맑음,교차로 - 교차로횡단보도내,승용,여,50세,상해없음,보행자,여,77세,경상
2019081300100392,2019년 8월 13일 15시,화요일,충청북도 청주시 흥덕구 복대동,중상사고,0,1,0,0,차대사람 - 기타,안전운전불이행,포장 - 건조,맑음,교차로 - 교차로부근,승용,여,64세,상해없음,보행자,여,47세,중상
2019081400100101,2019년 8월 14일 06시,수요일,충청북도 청주시 흥덕구 오송읍,중상사고,0,1,0,0,차대사람 - 길가장자리구역통행중,안전운전불이행,포장 - 건조,맑음,단일로 - 교량,화물,남,36세,상해없음,보행자,여,85세,중상
2019081400100212,2019년 8월 14일 09시,수요일,충청북도 청주시 서원구 수곡동,중상사고,0,1,0,0,차대사람 - 횡단중,안전운전불이행,포장 - 건조,맑음,단일로 - 지하차도(도로)내,승합,남,65세,상해없음,보행자,여,69세,중상
2019081400100526,2019년 8월 14일 17시,수요일,충청북도 음성군 생극면,중상사고,0,1,0,0,차대사람 - 길가장자리구역통행중,안전운전불이행,포장 - 건조,맑음,단일로 - 기타,승용,남,57세,상해없음,보행자,여,81세,중상
2019081400100529,2019년 8월 14일 17시,수요일,충청북도 청주시 서원구 수곡동,경상사고,0,0,1,0,차대사람 - 차도통행중,안전운전불이행,포장 - 건조,맑음,단일로 - 지하차도(도로)내,승용,여,53세,상해없음,보행자,남,43세,경상
2019081400100530,2019년 8월 14일 17시,수요일,충청북도 충주시 중앙탑면,경상사고,0,0,1,0,차대사람 - 기타,안전운전불이행,포장 - 건조,맑음,단일로 - 기타,화물,남,48세,상해없음,보행자,남,50세,경상
2019081400100584,2019년 8월 14일 18시,수요일,충청북도 청주시 흥덕구 신봉동,경상사고,0,0,1,0,차대사람 - 횡단중,안전운전불이행,포장 - 건조,맑음,단일로 - 기타,승합,남,47세,상해없음,보행자,남,10세,경상
2019081400100688,2019년 8월 14일 20시,수요일,충청북도 충주시 수안보면,중상사고,0,1,0,0,차대사람 - 기타,안전운전불이행,포장 - 건조,맑음,단일로 - 기타,승용,남,57세,상해없음,보행자,남,58세,중상
2019081400100761,2019년 8월 14일 22시,수요일,충청북도 옥천군 옥천읍,경상사고,0,0,1,0,차대사람 - 횡단중,보행자보호의무위반,포장 - 건조,맑음,교차로 - 교차로횡단보도내,승용,남,67세,상해없음,보행자,남,19세,경상
2019081500100203,2019년 8월 15일 12시,목요일,충청북도 청주시 흥덕구 강서동,경상사고,0,0,1,0,차대사람 - 기타,안전운전불이행,포장 - 건조,맑음,교차로 - 교차로안,승용,남,49세,상해없음,보행자,남,66세,경상
2019081500100486,2019년 8월 15일 21시,목요일,충청북도 음성군 감곡면,경상사고,0,0,1,0,차대사람 - 길가장자리구역통행중,안전운전불이행,포장 - 건조,맑음,단일로 - 기타,화물,남,58세,상해없음,보행자,남,17세,경상
2019081600100061,2019년 8월 16일 05시,금요일,충청북도 충주시 칠금동,경상사고,0,0,1,0,차대사람 - 횡단중,안전운전불이행,포장 - 건조,맑음,단일로 - 기타,승용,남,23세,상해없음,보행자,여,38세,경상
2019081600100160,2019년 8월 16일 09시,금요일,충청북도 음성군 대소면,중상사고,0,1,0,0,차대사람 - 횡단중,안전운전불이행,포장 - 건조,맑음,교차로 - 교차로부근,승합,남,48세,상해없음,보행자,남,66세,중상
2019081600100162,2019년 8월 16일 09시,금요일,충청북도 청주시 서원구 수곡동,중상사고,0,1,0,0,차대사람 - 횡단중,보행자보호의무위반,포장 - 건조,맑음,교차로 - 교차로횡단보도내,승용,여,48세,상해없음,보행자,남,56세,중상
2019081600100246,2019년 8월 16일 11시,금요일,충청북도 음성군 대소면,경상사고,0,0,1,0,차대사람 - 차도통행중,안전운전불이행,포장 - 건조,맑음,주차장 - 주차장,승용,남,48세,상해없음,보행자,남,38세,경상
2019081600100274,2019년 8월 16일 12시,금요일,충청북도 증평군 증평읍,중상사고,0,1,0,0,차대사람 - 길가장자리구역통행중,안전운전불이행,포장 - 건조,맑음,주차장 - 주차장,승용,남,55세,상해없음,보행자,남,33세,중상
2019081600100526,2019년 8월 16일 18시,금요일,충청북도 충주시 용산동,중상사고,0,2,0,0,차대사람 - 기타,안전운전불이행,포장 - 건조,맑음,단일로 - 기타,승용,여,66세,상해없음,보행자,남,46세,중상
2019081600100689,2019년 8월 16일 23시,금요일,충청북도 음성군 금왕읍,사망사고,1,1,3,0,차대사람 - 차도통행중,안전운전불이행,포장 - 건조,맑음,교차로 - 교차로부근,승용,남,26세,중상,보행자,남,43세,사망
2019081700100449,2019년 8월 17일 17시,토요일,충청북도 청주시 흥덕구 봉명동,중상사고,0,1,0,0,차대사람 - 기타,안전운전불이행,포장 - 건조,맑음,단일로 - 기타,승용,남,39세,상해없음,보행자,남,63세,중상
2019081700100570,2019년 8월 17일 20시,토요일,충청북도 청주시 청원구 오창읍,경상사고,0,0,1,0,차대사람 - 기타,안전운전불이행,포장 - 젖음/습기,흐림,교차로 - 교차로부근,이륜,남,23세,경상,보행자,여,72세,상해없음
2019081800100147,2019년 8월 18일 10시,일요일,충청북도 영동군 상촌면,중상사고,0,1,0,0,차대사람 - 기타,안전운전불이행,포장 - 건조,맑음,단일로 - 기타,사륜오토바이(ATV),여,77세,상해없음,보행자,여,59세,중상
2019081800100350,2019년 8월 18일 18시,일요일,충청북도 청주시 서원구 개신동,중상사고,0,1,0,0,차대사람 - 횡단중,신호위반,포장 - 건조,맑음,교차로 - 교차로횡단보도내,이륜,남,30세,상해없음,보행자,남,67세,중상
2019081800100435,2019년 8월 18일 21시,일요일,충청북도 청주시 청원구 오창읍,중상사고,0,1,0,0,차대사람 - 기타,보행자보호의무위반,포장 - 젖음/습기,비,단일로 - 기타,이륜,남,18세,상해없음,보행자,남,18세,중상
2019081800100436,2019년 8월 18일 21시,일요일,충청북도 음성군 대소면,경상사고,0,0,2,0,차대사람 - 차도통행중,안전운전불이행,포장 - 건조,맑음,교차로 - 교차로부근,이륜,남,27세,경상,보행자,남,61세,경상
2019081900100473,2019년 8월 19일 18시,월요일,충청북도 청주시 청원구 내수읍,중상사고,0,1,0,0,차대사람 - 횡단중,안전운전불이행,포장 - 건조,맑음,단일로 - 기타,기타불명,기타불명,미분류,기타불명,보행자,여,31세,중상
2019082000100267,2019년 8월 20일 12시,화요일,충청북도 청주시 흥덕구 봉명동,중상사고,0,1,0,0,차대사람 - 횡단중,보행자보호의무위반,포장 - 건조,맑음,교차로 - 교차로횡단보도내,화물,남,55세,상해없음,보행자,여,63세,중상
2019082100100163,2019년 8월 21일 09시,수요일,충청북도 청주시 상당구 용암동,중상사고,0,1,0,0,차대사람 - 횡단중,보행자보호의무위반,포장 - 건조,맑음,교차로 - 교차로횡단보도내,화물,남,37세,상해없음,보행자,여,62세,중상
2019082100100371,2019년 8월 21일 15시,수요일,충청북도 청주시 서원구 분평동,경상사고,0,0,1,0,차대사람 - 횡단중,보행자보호의무위반,포장 - 건조,맑음,교차로 - 교차로횡단보도내,승용,여,59세,상해없음,보행자,남,8세,경상
2019082200100193,2019년 8월 22일 09시,목요일,충청북도 제천시 중앙로2가,중상사고,0,1,0,0,차대사람 - 횡단중,신호위반,포장 - 건조,맑음,교차로 - 교차로횡단보도내,승용,남,74세,상해없음,보행자,여,77세,중상
2019082200100361,2019년 8월 22일 14시,목요일,충청북도 청주시 서원구 분평동,경상사고,0,0,1,0,차대사람 - 횡단중,안전운전불이행,포장 - 건조,맑음,단일로 - 기타,승용,남,45세,상해없음,보행자,남,22세,경상
2019082200100569,2019년 8월 22일 19시,목요일,충청북도 청주시 흥덕구 가경동,경상사고,0,0,1,0,차대사람 - 기타,안전운전불이행,포장 - 건조,맑음,교차로 - 교차로안,승용,남,23세,상해없음,보행자,여,26세,경상
2019082200100607,2019년 8월 22일 20시,목요일,충청북도 보은군 보은읍,경상사고,0,0,1,0,차대사람 - 횡단중,불법유턴,포장 - 건조,맑음,교차로 - 교차로안,승합,남,57세,상해없음,보행자,여,51세,경상
2019082300100286,2019년 8월 23일 12시,금요일,충청북도 괴산군 괴산읍,중상사고,0,1,0,0,차대사람 - 횡단중,안전운전불이행,포장 - 건조,맑음,단일로 - 기타,승용,여,51세,상해없음,보행자,여,74세,중상
2019082300100354,2019년 8월 23일 14시,금요일,충청북도 괴산군 사리면,사망사고,1,0,0,0,차대사람 - 차도통행중,안전운전불이행,포장 - 건조,맑음,단일로 - 기타,승용,남,60세,상해없음,보행자,남,66세,사망
2019082300100421,2019년 8월 23일 16시,금요일,충청북도 청주시 서원구 수곡동,중상사고,0,1,0,0,차대사람 - 횡단중,안전운전불이행,포장 - 건조,맑음,교차로 - 교차로안,화물,남,67세,상해없음,보행자,남,70세,중상
2019082300100472,2019년 8월 23일 17시,금요일,충청북도 청주시 청원구 내덕동,경상사고,0,0,1,0,차대사람 - 기타,안전운전불이행,포장 - 건조,맑음,단일로 - 기타,승용,남,50세,상해없음,보행자,여,75세,경상
2019082300100687,2019년 8월 23일 22시,금요일,충청북도 청주시 흥덕구 신봉동,부상신고사고,0,0,0,1,차대사람 - 기타,안전운전불이행,포장 - 기타,기타,기타 - 기타,자전거,남,59세,부상신고,보행자,남,35세,상해없음
2019082300100711,2019년 8월 23일 23시,금요일,충청북도 청주시 서원구 분평동,중상사고,0,1,0,0,차대사람 - 기타,안전운전불이행,포장 - 건조,맑음,단일로 - 기타,승용,남,36세,상해없음,보행자,남,58세,중상
2019082400100160,2019년 8월 24일 08시,토요일,충청북도 충주시 충인동,경상사고,0,0,1,0,차대사람 - 기타,안전운전불이행,포장 - 건조,맑음,단일로 - 기타,승용,남,53세,상해없음,보행자,여,42세,경상
2019082400100282,2019년 8월 24일 12시,토요일,충청북도 청주시 청원구 주중동,경상사고,0,0,1,0,차대사람 - 기타,안전운전불이행,포장 - 건조,맑음,단일로 - 기타,승용,여,44세,기타불명,보행자,여,21세,경상
2019082400100456,2019년 8월 24일 17시,토요일,충청북도 괴산군 괴산읍,중상사고,0,1,0,0,차대사람 - 기타,안전운전불이행,포장 - 건조,맑음,단일로 - 기타,승용,남,59세,상해없음,보행자,여,89세,중상
2019082400100524,2019년 8월 24일 19시,토요일,충청북도 옥천군 이원면,사망사고,1,0,0,0,차대사람 - 길가장자리구역통행중,안전운전불이행,포장 - 건조,맑음,단일로 - 기타,승용,여,52세,상해없음,보행자,여,80세,사망