사고번호,사고일시,요일,시군구,사고내용,사망자수,중상자수,경상자수,부상신고자수,사고유형,법규위반,노면상태,기상상태,도로형태,가해운전자 차종,가해운전자 성별,가해운전자 연령,가해운전자 상해정도,피해운전자 차종,피해운전자 성별,피해운전자 연령,피해운전자 상해정도
2019121300100554,2019년 12월 13일 18시,금요일,충청북도 옥천군 옥천읍,중상사고,0,1,0,0,차대사람 - 횡단중,보행자보호의무위반,포장 - 건조,맑음,교차로 - 교차로안,승용,여,46세,상해없음,보행자,여,70세,중상
2019121300100737,2019년 12월 13일 22시,금요일,충청북도 청주시 서원구 수곡동,부상신고사고,0,0,0,2,차대사람 - 차도통행중,안전운전불이행,포장 - 건조,맑음,교차로 - 교차로안,이륜,여,74세,부상신고,보행자,남,48세,부상신고
2019121300100794,2019년 12월 13일 23시,금요일,충청북도 청주시 서원구 수곡동,중상사고,0,1,0,0,차대사람 - 횡단중,안전운전불이행,포장 - 건조,맑음,단일로 - 지하차도(도로)내,승용,여,34세,상해없음,보행자,남,25세,중상
2019121400100110,2019년 12월 14일 05시,토요일,충청북도 제천시 의림동,경상사고,0,0,1,0,차대사람 - 차도통행중,보행자보호의무위반,포장 - 젖음/습기,흐림,교차로 - 교차로안,승용,남,58세,상해없음,보행자,남,63세,경상
2019121400100705,2019년 12월 14일 20시,토요일,충청북도 충주시 칠금동,경상사고,0,0,1,0,차대사람 - 기타,안전운전불이행,포장 - 건조,맑음,기타 - 기타,승용,남,59세,상해없음,보행자,남,16세,경상
2019121500100121,2019년 12월 15일 07시,일요일,충청북도 청주시 상당구 금천동,경상사고,0,0,1,0,차대사람 - 보도통행중,신호위반,포장 - 건조,맑음,교차로 - 교차로횡단보도내,승용,남,66세,상해없음,보행자,여,32세,경상
2019121500100154,2019년 12월 15일 09시,일요일,충청북도 청주시 상당구 남주동,경상사고,0,0,1,0,차대사람 - 기타,안전운전불이행,포장 - 건조,맑음,교차로 - 교차로안,승용,남,44세,상해없음,보행자,여,70세,경상
2019121600100089,2019년 12월 16일 06시,월요일,충청북도 청주시 서원구 남이면,중상사고,0,1,0,0,차대사람 - 차도통행중,안전운전불이행,포장 - 건조,맑음,교차로 - 교차로부근,화물,남,32세,상해없음,보행자,남,70세,중상
2019121600100225,2019년 12월 16일 10시,월요일,충청북도 청주시 청원구 주성동,중상사고,0,1,0,0,차대사람 - 횡단중,보행자보호의무위반,포장 - 건조,맑음,교차로 - 교차로안,승용,여,44세,상해없음,보행자,남,78세,중상
2019121600100293,2019년 12월 16일 12시,월요일,충청북도 청주시 서원구 사창동,경상사고,0,0,1,0,차대사람 - 차도통행중,기타,포장 - 건조,맑음,단일로 - 기타,승용,남,49세,상해없음,보행자,여,76세,경상
2019121600100432,2019년 12월 16일 16시,월요일,충청북도 청주시 상당구 영운동,경상사고,0,0,1,0,차대사람 - 길가장자리구역통행중,안전운전불이행,포장 - 건조,맑음,단일로 - 지하차도(도로)내,승용,여,53세,상해없음,보행자,여,65세,경상
2019121700100037,2019년 12월 17일 02시,화요일,충청북도 청주시 서원구 성화동,경상사고,0,0,1,0,차대사람 - 기타,신호위반,포장 - 건조,맑음,교차로 - 교차로안,승용,남,45세,기타불명,보행자,남,34세,경상
2019121700100095,2019년 12월 17일 07시,화요일,충청북도 증평군 증평읍,중상사고,0,1,0,0,차대사람 - 횡단중,보행자보호의무위반,포장 - 젖음/습기,비,교차로 - 교차로횡단보도내,승합,남,62세,상해없음,보행자,여,18세,중상
2019121700100475,2019년 12월 17일 18시,화요일,충청북도 청주시 흥덕구 운천동,사망사고,1,0,0,0,차대사람 - 횡단중,안전운전불이행,포장 - 건조,흐림,단일로 - 기타,승용,남,71세,상해없음,보행자,남,78세,사망
2019121700100641,2019년 12월 17일 23시,화요일,충청북도 단양군 단양읍,중상사고,0,1,0,0,차대사람 - 횡단중,보행자보호의무위반,포장 - 젖음/습기,비,교차로 - 교차로횡단보도내,승용,남,57세,상해없음,보행자,남,47세,중상
2019121800100149,2019년 12월 18일 09시,수요일,충청북도 음성군 금왕읍,중상사고,0,1,0,0,차대사람 - 기타,기타,포장 - 건조,맑음,기타 - 기타,화물,남,69세,상해없음,보행자,남,60세,중상
2019121800100197,2019년 12월 18일 11시,수요일,충청북도 청주시 흥덕구 강서동,경상사고,0,0,1,0,차대사람 - 기타,안전운전불이행,포장 - 건조,흐림,교차로 - 교차로부근,화물,남,40세,상해없음,보행자,여,80세,경상
2019121800100495,2019년 12월 18일 19시,수요일,충청북도 청주시 상당구 남주동,경상사고,0,0,1,0,차대사람 - 차도통행중,안전운전불이행,포장 - 건조,맑음,교차로 - 교차로부근,승용,남,40세,상해없음,보행자,남,37세,경상
2019121800100561,2019년 12월 18일 21시,수요일,충청북도 괴산군 장연면,경상사고,0,0,1,0,차대사람 - 길가장자리구역통행중,안전운전불이행,포장 - 건조,맑음,단일로 - 기타,승용,남,57세,상해없음,보행자,남,51세,경상
2019121800100562,2019년 12월 18일 21시,수요일,충청북도 청주시 흥덕구 복대동,중상사고,0,1,0,0,차대사람 - 기타,안전운전불이행,포장 - 건조,맑음,기타 - 기타,화물,남,33세,상해없음,보행자,남,56세,중상
2019121900100388,2019년 12월 19일 15시,목요일,충청북도 충주시 연수동,경상사고,0,0,1,0,차대사람 - 횡단중,안전운전불이행,포장 - 건조,맑음,단일로 - 기타,승합,남,69세,상해없음,보행자,여,77세,경상
2019121900100690,2019년 12월 19일 23시,목요일,충청북도 제천시 청전동,경상사고,0,0,1,0,차대사람 - 횡단중,보행자보호의무위반,포장 - 건조,맑음,교차로 - 교차로횡단보도내,승용,남,19세,상해없음,보행자,남,21세,경상
2019122000100078,2019년 12월 20일 05시,금요일,충청북도 청주시 청원구 주중동,사망사고,2,0,0,0,차대사람 - 보도통행중,안전운전불이행,포장 - 건조,맑음,교차로 - 교차로부근,화물,남,50세,상해없음,보행자,여,69세,사망
2019122000100289,2019년 12월 20일 13시,금요일,충청북도 청주시 상당구 지북동,중상사고,0,1,0,0,차대사람 - 기타,안전운전불이행,포장 - 건조,맑음,단일로 - 기타,건설기계,남,43세,상해없음,보행자,남,61세,중상
2019122000100590,2019년 12월 20일 19시,금요일,충청북도 충주시 교현동,중상사고,0,1,0,0,차대사람 - 기타,안전운전불이행,포장 - 건조,맑음,단일로 - 기타,승용,남,36세,상해없음,보행자,남,66세,중상
2019122100100035,2019년 12월 21일 00시,토요일,충청북도 청주시 청원구 내덕동,중상사고,0,1,0,0,차대사람 - 횡단중,신호위반,포장 - 건조,맑음,교차로 - 교차로횡단보도내,승용,여,54세,상해없음,보행자,남,61세,중상
2019122100100414,2019년 12월 21일 17시,토요일,충청북도 청주시 흥덕구 봉명동,경상사고,0,0,1,0,차대사람 - 횡단중,신호위반,포장 - 건조,맑음,교차로 - 교차로횡단보도내,승용,여,51세,상해없음,보행자,남,60세,경상
2019122100100460,2019년 12월 21일 18시,토요일,충청북도 청주시 상당구 미원면,경상사고,0,0,1,0,차대사람 - 횡단중,안전운전불이행,포장 - 건조,맑음,교차로 - 교차로안,승용,남,69세,상해없음,보행자,여,64세,경상
2019122200100269,2019년 12월 22일 14시,일요일,충청북도 제천시 남천동,중상사고,0,1,0,0,차대사람 - 보도통행중,기타,포장 - 건조,맑음,단일로 - 지하차도(도로)내,승용,남,52세,상해없음,보행자,남,78세,중상
2019122200100432,2019년 12월 22일 19시,일요일,충청북도 음성군 음성읍,중상사고,0,2,0,0,차대사람 - 길가장자리구역통행중,안전운전불이행,포장 - 건조,맑음,교차로 - 교차로부근,승용,여,51세,상해없음,보행자,여,69세,중상
2019122300100090,2019년 12월 23일 06시,월요일,충청북도 청주시 청원구 율량동,중상사고,0,1,0,0,차대사람 - 횡단중,신호위반,포장 - 건조,맑음,교차로 - 교차로안,화물,남,43세,상해없음,보행자,여,69세,중상
2019122300100302,2019년 12월 23일 13시,월요일,충청북도 괴산군 괴산읍,중상사고,0,1,0,0,차대사람 - 차도통행중,안전운전불이행,포장 - 건조,맑음,단일로 - 기타,승용,남,82세,상해없음,보행자,여,51세,중상
2019122400100069,2019년 12월 24일 02시,화요일,충청북도 제천시 중앙로2가,경상사고,0,0,1,0,차대사람 - 기타,안전운전불이행,포장 - 건조,맑음,교차로 - 교차로안,승용,남,56세,상해없음,보행자,남,27세,경상
2019122400100083,2019년 12월 24일 04시,화요일,충청북도 청주시 흥덕구 오송읍,사망사고,1,0,0,0,차대사람 - 차도통행중,안전운전불이행,포장 - 건조,맑음,단일로 - 기타,화물,남,48세,상해없음,보행자,남,53세,사망
2019122400100615,2019년 12월 24일 19시,화요일,충청북도 청주시 흥덕구 복대동,경상사고,0,0,1,0,차대사람 - 기타,안전운전불이행,포장 - 건조,맑음,단일로 - 기타,화물,남,53세,상해없음,보행자,여,56세,경상
2019122400100732,2019년 12월 24일 23시,화요일,충청북도 청주시 청원구 율량동,중상사고,0,1,0,0,차대사람 - 기타,안전운전불이행,포장 - 건조,맑음,단일로 - 기타,승용,여,37세,상해없음,보행자,남,37세,중상
2019122500100084,2019년 12월 25일 06시,수요일,충청북도 청주시 상당구 금천동,중상사고,0,1,0,0,차대사람 - 횡단중,안전운전불이행,포장 - 건조,맑음,교차로 - 교차로부근,이륜,남,41세,상해없음,보행자,남,75세,중상
2019122500100096,2019년 12월 25일 07시,수요일,충청북도 제천시 장락동,경상사고,0,0,1,0,차대사람 - 횡단중,보행자보호의무위반,포장 - 건조,맑음,교차로 - 교차로안,승용,남,41세,상해없음,보행자,남,22세,경상
2019122500100190,2019년 12월 25일 13시,수요일,충청북도 진천군 광혜원면,경상사고,0,0,1,0,차대사람 - 횡단중,안전운전불이행,포장 - 건조,맑음,단일로 - 기타,승용,남,42세,상해없음,보행자,여,18세,경상
2019122500100427,2019년 12월 25일 21시,수요일,충청북도 청주시 상당구 영운동,중상사고,0,1,0,0,차대사람 - 길가장자리구역통행중,안전운전불이행,포장 - 건조,맑음,단일로 - 지하차도(도로)내,승합,남,80세,상해없음,보행자,남,47세,중상
2019122600100239,2019년 12월 26일 12시,목요일,충청북도 청주시 상당구 용암동,중상사고,0,1,0,0,차대사람 - 차도통행중,안전운전불이행,포장 - 젖음/습기,비,교차로 - 교차로안,화물,남,44세,상해없음,보행자,남,51세,중상
2019122600100573,2019년 12월 26일 21시,목요일,충청북도 청주시 흥덕구 가경동,중상사고,0,1,0,0,차대사람 - 횡단중,보행자보호의무위반,포장 - 건조,맑음,교차로 - 교차로횡단보도내,승용,남,65세,상해없음,보행자,남,39세,중상
2019122700100138,2019년 12월 27일 08시,금요일,충청북도 충주시 금릉동,중상사고,0,1,0,0,차대사람 - 기타,안전운전불이행,포장 - 건조,맑음,주차장 - 주차장,승용,여,35세,상해없음,보행자,남,65세,중상
2019122700100290,2019년 12월 27일 13시,금요일,충청북도 제천시 장락동,경상사고,0,0,1,0,차대사람 - 횡단중,보행자보호의무위반,포장 - 건조,맑음,교차로 - 교차로안,승용,남,47세,상해없음,보행자,남,59세,경상
2019122700100323,2019년 12월 27일 14시,금요일,충청북도 청주시 청원구 내덕동,경상사고,0,0,1,0,차대사람 - 기타,불법유턴,포장 - 건조,맑음,교차로 - 교차로안,승용,여,55세,상해없음,보행자,남,21세,경상
2019122700100325,2019년 12월 27일 14시,금요일,충청북도 제천시 서부동,부상신고사고,0,0,0,1,차대사람 - 횡단중,안전운전불이행,포장 - 건조,맑음,교차로 - 교차로부근,승용,남,62세,상해없음,보행자,여,62세,부상신고
2019122700100326,2019년 12월 27일 14시,금요일,충청북도 음성군 삼성면,중상사고,0,1,0,0,차대사람 - 기타,안전운전불이행,포장 - 건조,맑음,교차로 - 교차로부근,승용,여,73세,상해없음,보행자,여,70세,중상
2019122700100362,2019년 12월 27일 15시,금요일,충청북도 청주시 서원구 분평동,경상사고,0,0,2,0,차대사람 - 횡단중,안전운전불이행,포장 - 건조,맑음,교차로 - 교차로안,승용,남,57세,상해없음,보행자,여,14세,경상
2019122800100085,2019년 12월 28일 03시,토요일,충청북도 충주시 칠금동,중상사고,0,1,0,0,차대사람 - 차도통행중,안전운전불이행,포장 - 건조,흐림,단일로 - 기타,승용,남,38세,상해없음,보행자,남,52세,중상
2019122800100182,2019년 12월 28일 10시,토요일,충청북도 청주시 상당구 남문로1가동,중상사고,0,1,0,0,차대사람 - 기타,안전운전불이행,포장 - 건조,맑음,단일로 - 기타,승용,남,75세,상해없음,보행자,여,77세,중상
2019122800100290,2019년 12월 28일 14시,토요일,충청북도 청주시 상당구 수동,중상사고,0,1,0,0,차대사람 - 기타,보행자보호의무위반,포장 - 건조,맑음,교차로 - 교차로횡단보도내,승용,여,56세,상해없음,보행자,남,76세,중상
2019122800100422,2019년 12월 28일 18시,토요일,충청북도 청주시 청원구 우암동,경상사고,0,0,1,0,차대사람 - 기타,교차로운행방법위반,포장 - 건조,맑음,교차로 - 교차로안,화물,남,48세,상해없음,보행자,여,74세,경상
2019122900100035,2019년 12월 29일 01시,일요일,충청북도 청주시 서원구 사창동,경상사고,0,0,2,0,차대사람 - 기타,안전운전불이행,포장 - 건조,맑음,단일로 - 기타,승용,남,36세,상해없음,보행자,여,47세,경상
2019122900100077,2019년 12월 29일 05시,일요일,충청북도 청주시 서원구 분평동,중상사고,0,1,0,0,차대사람 - 기타,안전운전불이행,포장 - 건조,맑음,단일로 - 지하차도(도로)내,승용,남,29세,상해없음,보행자,남,49세,중상
2019122900100371,2019년 12월 29일 20시,일요일,충청북도 제천시 동현동,중상사고,0,1,0,0,차대사람 - 횡단중,안전운전불이행,포장 - 젖음/습기,비,단일로 - 지하차도(도로)내,이륜,남,39세,상해없음,보행자,여,81세,중상
2019122900100372,2019년 12월 29일 20시,일요일,충청북도 증평군 증평읍,중상사고,0,1,0,0,차대사람 - 기타,안전운전불이행,포장 - 젖음/습기,비,교차로 - 교차로안,승용,남,35세,상해없음,보행자,여,49세,중상
2019122900100373,2019년 12월 29일 20시,일요일,충청북도 청주시 상당구 영운동,경상사고,0,0,1,0,차대사람 - 기타,보행자보호의무위반,포장 - 젖음/습기,비,교차로 - 교차로횡단보도내,승용,여,34세,상해없음,보행자,여,43세,경상
2019123000100132,2019년 12월 30일 09시,월요일,충청북도 진천군 진천읍,중상사고,0,1,0,0,차대사람 - 횡단중,보행자보호의무위반,포장 - 젖음/습기,비,단일로 - 기타,승용,남,27세,상해없음,보행자,남,76세,중상
2019123000100193,2019년 12월 30일 11시,월요일,충청북도 괴산군 괴산읍,중상사고,0,1,0,0,차대사람 - 횡단중,안전운전불이행,포장 - 젖음/습기,흐림,교차로 - 교차로안,화물,남,67세,상해없음,보행자,남,56세,중상
2019123000100321,2019년 12월 30일 15시,월요일,충청북도 청주시 서원구 분평동,경상사고,0,0,1,0,차대사람 - 횡단중,신호위반,포장 - 건조,흐림,단일로 - 지하차도(도로)내,승용,여,42세,상해없음,보행자,여,9세,경상
2019123000100572,2019년 12월 30일 21시,월요일,충청북도 단양군 매포읍,경상사고,0,0,1,0,차대사람 - 기타,안전운전불이행,포장 - 건조,맑음,교차로 - 교차로안,승용,남,60세,상해없음,보행자,남,27세,경상
2019123000100627,2019년 12월 30일 23시,월요일,충청북도 음성군 감곡면,경상사고,0,0,1,0,차대사람 - 차도통행중,안전운전불이행,포장 - 건조,맑음,교차로 - 교차로안,승용,남,38세,상해없음,보행자,남,33세,경상
2019123100100173,2019년 12월 31일 10시,화요일,충청북도 청주시 상당구 북문로2가동,중상사고,0,1,0,0,차대사람 - 기타,안전운전불이행,포장 - 건조,맑음,교차로 - 교차로부근,승용,남,80세,상해없음,보행자,여,47세,중상
2019123100100303,2019년 12월 31일 14시,화요일,충청북도 충주시 성서동,경상사고,0,0,1,0,차대사람 - 횡단중,보행자보호의무위반,포장 - 건조,맑음,교차로 - 교차로횡단보도내,승용,여,50세,상해없음,보행자,남,74세,경상
2020010100100068,2020년 1월 1일 05시,수요일,충청북도 청주시 상당구 용암동,경상사고,0,0,1,0,차대사람 - 횡단중,중앙선침범,포장 - 건조,맑음,교차로 - 교차로횡단보도내,승용,남,54세,상해없음,보행자,남,18세,경상
2020010100100209,2020년 1월 1일 15시,수요일,충청북도 청주시 흥덕구 봉명동,중상사고,0,1,0,0,차대사람 - 기타,안전운전불이행,포장 - 건조,맑음,교차로 - 교차로안,승용,남,26세,상해없음,보행자,여,34세,중상
2020010100100244,2020년 1월 1일 17시,수요일,충청북도 청주시 흥덕구 복대동,경상사고,0,0,2,0,차대사람 - 횡단중,안전운전불이행,포장 - 건조,맑음,교차로 - 교차로부근,승용,남,50세,상해없음,보행자,남,13세,경상
2020010100100245,2020년 1월 1일 17시,수요일,충청북도 청주시 서원구 분평동,경상사고,0,0,1,0,차대사람 - 횡단중,보행자보호의무위반,포장 - 건조,맑음,단일로 - 기타,승용,남,27세,상해없음,보행자,남,9세,경상
2020010100100320,2020년 1월 1일 20시,수요일,충청북도 청주시 서원구 미평동,중상사고,0,1,0,0,차대사람 - 기타,보행자보호의무위반,포장 - 건조,맑음,교차로 - 교차로횡단보도내,승용,남,50세,상해없음,보행자,남,39세,중상
2020010200100043,2020년 1월 2일 06시,목요일,충청북도 청주시 상당구 대성동,경상사고,0,0,1,0,차대사람 - 보도통행중,보행자보호의무위반,포장 - 건조,맑음,교차로 - 교차로횡단보도내,승용,남,61세,상해없음,보행자,여,80세,경상
2020010200100323,2020년 1월 2일 16시,목요일,충청북도 청주시 흥덕구 복대동,경상사고,0,0,1,0,차대사람 - 기타,안전운전불이행,포장 - 건조,맑음,기타 - 기타,승용,남,58세,상해없음,보행자,여,66세,경상
2020010200100404,2020년 1월 2일 18시,목요일,충청북도 충주시 호암동,경상사고,0,0,2,0,차대사람 - 차도통행중,안전운전불이행,포장 - 건조,맑음,단일로 - 기타,승용,남,56세,경상,보행자,남,10세,경상
2020010200100405,2020년 1월 2일 18시,목요일,충청북도 음성군 감곡면,중상사고,0,1,0,0,차대사람 - 횡단중,안전운전불이행,포장 - 건조,맑음,단일로 - 지하차도(도로)내,승용,남,55세,상해없음,보행자,남,49세,중상
2020010200100478,2020년 1월 2일 20시,목요일,충청북도 청주시 서원구 산남동,경상사고,0,0,2,0,차대사람 - 횡단중,안전운전불이행,포장 - 건조,맑음,교차로 - 교차로안,승용,여,45세,상해없음,보행자,여,21세,경상
2020010300100044,2020년 1월 3일 05시,금요일,충청북도 청주시 흥덕구 복대동,부상신고사고,0,0,0,1,차대사람 - 기타,안전운전불이행,포장 - 건조,맑음,교차로 - 교차로안,승용,남,53세,상해없음,보행자,남,17세,부상신고
2020010300100052,2020년 1월 3일 06시,금요일,충청북도 괴산군 장연면,사망사고,1,0,0,0,차대사람 - 횡단중,안전운전불이행,포장 - 건조,맑음,교차로 - 교차로안,승용,여,58세,상해없음,보행자,여,83세,사망
2020010300100358,2020년 1월 3일 16시,금요일,충청북도 청주시 흥덕구 오송읍,경상사고,0,0,1,0,차대사람 - 기타,안전운전불이행,포장 - 건조,맑음,단일로 - 기타,승용,여,59세,상해없음,보행자,남,38세,경상
2020010300100360,2020년 1월 3일 16시,금요일,충청북도 청주시 상당구 남주동,경상사고,0,0,1,0,차대사람 - 기타,안전운전불이행,포장 - 건조,맑음,단일로 - 기타,승용,남,37세,상해없음,보행자,남,63세,경상
2020010300100487,2020년 1월 3일 19시,금요일,충청북도 청주시 청원구 내수읍,중상사고,0,2,0,0,차대사람 - 차도통행중,안전운전불이행,포장 - 건조,맑음,교차로 - 교차로안,이륜,남,20세,중상,보행자,여,56세,중상
2020010300100488,2020년 1월 3일 19시,금요일,충청북도 단양군 단양읍,경상사고,0,0,1,0,차대사람 - 횡단중,기타,포장 - 건조,맑음,기타 - 기타,승합,남,60세,상해없음,보행자,남,53세,경상
2020010400100083,2020년 1월 4일 06시,토요일,충청북도 청주시 상당구 석교동,중상사고,0,1,0,0,차대사람 - 횡단중,안전운전불이행,포장 - 건조,맑음,단일로 - 지하차도(도로)내,화물,남,42세,상해없음,보행자,남,65세,중상
2020010400100321,2020년 1월 4일 16시,토요일,충청북도 청주시 청원구 우암동,중상사고,0,1,0,0,차대사람 - 보도통행중,신호위반,포장 - 건조,맑음,교차로 - 교차로횡단보도내,이륜,남,23세,상해없음,보행자,남,48세,중상
2020010400100322,2020년 1월 4일 16시,토요일,충청북도 청주시 청원구 주성동,경상사고,0,0,1,0,차대사람 - 기타,안전운전불이행,포장 - 건조,맑음,단일로 - 기타,승합,남,39세,상해없음,보행자,여,45세,경상
2020010500100226,2020년 1월 5일 14시,일요일,충청북도 청주시 상당구 금천동,경상사고,0,0,1,0,차대사람 - 기타,보행자보호의무위반,포장 - 건조,맑음,교차로 - 교차로횡단보도내,화물,남,62세,상해없음,보행자,남,59세,경상
2020010500100249,2020년 1월 5일 15시,일요일,충청북도 청주시 흥덕구 복대동,경상사고,0,0,1,0,차대사람 - 기타,안전운전불이행,포장 - 건조,맑음,단일로 - 기타,승용,남,58세,상해없음,보행자,여,85세,경상
2020010600100305,2020년 1월 6일 15시,월요일,충청북도 영동군 영동읍,경상사고,0,0,1,0,차대사람 - 횡단중,보행자보호의무위반,포장 - 건조,맑음,단일로 - 기타,화물,남,58세,상해없음,보행자,여,67세,경상
2020010600100456,2020년 1월 6일 18시,월요일,충청북도 청주시 서원구 사창동,경상사고,0,0,1,0,차대사람 - 기타,안전운전불이행,포장 - 젖음/습기,비,단일로 - 기타,승용,남,36세,상해없음,보행자,남,46세,경상
2020010600100457,2020년 1월 6일 18시,월요일,충청북도 진천군 덕산읍,중상사고,0,1,0,0,차대사람 - 횡단중,보행자보호의무위반,포장 - 젖음/습기,비,교차로 - 교차로횡단보도내,화물,남,42세,상해없음,보행자,여,25세,중상
2020010600100611,2020년 1월 6일 21시,월요일,충청북도 청주시 서원구 분평동,경상사고,0,0,1,0,차대사람 - 횡단중,안전운전불이행,포장 - 젖음/습기,비,교차로 - 교차로부근,승용,여,53세,상해없음,보행자,남,42세,경상
2020010600100664,2020년 1월 6일 23시,월요일,충청북도 괴산군 괴산읍,중상사고,0,1,0,0,차대사람 - 기타,안전운전불이행,포장 - 젖음/습기,비,단일로 - 기타,승용,남,62세,상해없음,보행자,남,38세,중상
2020010600100665,2020년 1월 6일 23시,월요일,충청북도 진천군 광혜원면,경상사고,0,0,1,0,차대사람 - 차도통행중,안전운전불이행,포장 - 건조,맑음,교차로 - 교차로안,승용,남,36세,상해없음,보행자,여,15세,경상
2020010700100104,2020년 1월 7일 07시,화요일,충청북도 청주시 서원구 사창동,중상사고,0,1,0,0,차대사람 - 기타,보행자보호의무위반,포장 - 젖음/습기,비,기타 - 기타,승용,남,62세,상해없음,보행자,여,29세,중상
2020010700100418,2020년 1월 7일 17시,화요일,충청북도 영동군 영동읍,사망사고,1,0,0,0,차대사람 - 횡단중,안전운전불이행,포장 - 젖음/습기,비,단일로 - 기타,승용,여,62세,상해없음,보행자,남,58세,사망
2020010700100420,2020년 1월 7일 17시,화요일,충청북도 청주시 흥덕구 복대동,경상사고,0,0,1,0,차대사람 - 기타,안전운전불이행,포장 - 젖음/습기,비,교차로 - 교차로부근,승용,남,54세,상해없음,보행자,여,44세,경상
2020010700100421,2020년 1월 7일 17시,화요일,충청북도 청주시 서원구 모충동,경상사고,0,0,1,0,차대사람 - 기타,안전운전불이행,포장 - 젖음/습기,비,단일로 - 기타,승용,여,49세,상해없음,보행자,남,66세,경상
2020010700100482,2020년 1월 7일 18시,화요일,충청북도 청주시 서원구 사직동,경상사고,0,0,1,0,차대사람 - 기타,기타,포장 - 젖음/습기,비,단일로 - 기타,승용,남,61세,상해없음,보행자,남,64세,경상
2020010700100483,2020년 1월 7일 18시,화요일,충청북도 제천시 중앙로2가,중상사고,0,1,0,0,차대사람 - 차도통행중,안전운전불이행,포장 - 젖음/습기,비,단일로 - 기타,승용,남,19세,상해없음,보행자,남,65세,중상
2020010700100484,2020년 1월 7일 18시,화요일,충청북도 진천군 진천읍,중상사고,0,1,0,0,차대사람 - 횡단중,보행자보호의무위반,포장 - 젖음/습기,흐림,단일로 - 기타,원동기,남,25세,상해없음,보행자,여,64세,중상
2020010700100610,2020년 1월 7일 20시,화요일,충청북도 증평군 증평읍,중상사고,0,1,0,0,차대사람 - 기타,안전운전불이행,포장 - 젖음/습기,비,교차로 - 교차로안,승용,여,54세,상해없음,보행자,남,59세,중상
2020010800100106,2020년 1월 8일 07시,수요일,충청북도 청주시 청원구 우암동,경상사고,0,0,1,0,차대사람 - 기타,안전운전불이행,비포장 - 젖음/습기,맑음,단일로 - 기타,승합,남,61세,기타불명,보행자,남,55세,경상
2020010800100139,2020년 1월 8일 08시,수요일,충청북도 청주시 상당구 석교동,중상사고,0,1,0,0,차대사람 - 기타,안전운전불이행,포장 - 건조,맑음,단일로 - 지하차도(도로)내,화물,남,58세,상해없음,보행자,여,79세,중상
2020010800100408,2020년 1월 8일 17시,수요일,충청북도 음성군 삼성면,중상사고,0,1,0,0,차대사람 - 차도통행중,안전운전불이행,포장 - 젖음/습기,비,단일로 - 기타,승용,남,33세,상해없음,보행자,남,64세,중상
2020010800100462,2020년 1월 8일 18시,수요일,충청북도 청주시 상당구 용암동,중상사고,0,1,0,0,차대사람 - 기타,중앙선침범,포장 - 젖음/습기,비,단일로 - 기타,승용,남,68세,상해없음,보행자,남,48세,중상
2020010800100503,2020년 1월 8일 19시,수요일,충청북도 청주시 흥덕구 오송읍,중상사고,0,2,0,0,차대사람 - 횡단중,안전운전불이행,포장 - 건조,맑음,교차로 - 교차로안,승합,여,42세,상해없음,보행자,여,13세,중상
2020010900100070,2020년 1월 9일 07시,목요일,충청북도 청주시 서원구 사직동,중상사고,0,1,0,0,차대사람 - 횡단중,보행자보호의무위반,포장 - 건조,맑음,교차로 - 교차로횡단보도내,승합,남,43세,상해없음,보행자,남,73세,중상
2020010900100326,2020년 1월 9일 16시,목요일,충청북도 청주시 서원구 수곡동,중상사고,0,3,0,0,차대사람 - 차도통행중,신호위반,포장 - 건조,맑음,교차로 - 교차로횡단보도내,이륜,남,30세,상해없음,보행자,여,74세,중상
2020011000100015,2020년 1월 10일 01시,금요일,충청북도 청주시 흥덕구 가경동,경상사고,0,0,1,0,차대사람 - 횡단중,안전운전불이행,포장 - 건조,맑음,교차로 - 교차로부근,승용,여,40세,상해없음,보행자,남,44세,경상
2020011000100083,2020년 1월 10일 07시,금요일,충청북도 충주시 연수동,중상사고,0,1,0,0,차대사람 - 횡단중,보행자보호의무위반,포장 - 건조,맑음,교차로 - 교차로횡단보도내,승용,남,61세,상해없음,보행자,여,58세,중상
2020011000100284,2020년 1월 10일 13시,금요일,충청북도 진천군 진천읍,경상사고,0,0,1,0,차대사람 - 기타,신호위반,포장 - 건조,맑음,단일로 - 기타,화물,여,61세,상해없음,보행자,여,13세,경상
2020011000100285,2020년 1월 10일 13시,금요일,충청북도 청주시 상당구 용담동,중상사고,0,1,0,0,차대사람 - 횡단중,보행자보호의무위반,포장 - 건조,맑음,교차로 - 교차로횡단보도내,승용,여,39세,상해없음,보행자,여,73세,중상
2020011000100387,2020년 1월 10일 16시,금요일,충청북도 충주시 봉방동,경상사고,0,0,1,0,차대사람 - 횡단중,보행자보호의무위반,포장 - 건조,맑음,교차로 - 교차로횡단보도내,승용,여,58세,상해없음,보행자,남,50세,경상
2020011000100461,2020년 1월 10일 18시,금요일,충청북도 제천시 모산동,중상사고,0,1,0,0,차대사람 - 횡단중,안전운전불이행,포장 - 건조,맑음,단일로 - 기타,승용,여,52세,상해없음,보행자,남,74세,중상