사고번호,사고일시,요일,시군구,사고내용,사망자수,중상자수,경상자수,부상신고자수,사고유형,법규위반,노면상태,기상상태,도로형태,가해운전자 차종,가해운전자 성별,가해운전자 연령,가해운전자 상해정도,피해운전자 차종,피해운전자 성별,피해운전자 연령,피해운전자 상해정도
2020051200100416,2020년 5월 12일 17시,화요일,충청북도 청주시 흥덕구 가경동,경상사고,0,0,1,0,차대사람 - 길가장자리구역통행중,안전운전불이행,포장 - 건조,맑음,단일로 - 기타,승용,남,57세,상해없음,보행자,남,21세,경상
2020051300100459,2020년 5월 13일 17시,수요일,충청북도 청주시 흥덕구 봉명동,중상사고,0,1,0,0,차대사람 - 기타,기타,포장 - 건조,맑음,단일로 - 기타,승합,남,60세,상해없음,보행자,여,76세,중상
2020051400100008,2020년 5월 14일 00시,목요일,충청북도 진천군 진천읍,중상사고,0,1,0,0,차대사람 - 횡단중,안전운전불이행,포장 - 건조,맑음,교차로 - 교차로부근,승용,남,19세,상해없음,보행자,남,43세,중상
2020051400100151,2020년 5월 14일 10시,목요일,충청북도 청주시 흥덕구 봉명동,경상사고,0,0,1,0,차대사람 - 차도통행중,안전운전불이행,포장 - 건조,맑음,단일로 - 기타,승용,여,59세,상해없음,보행자,남,79세,경상
2020051400100412,2020년 5월 14일 17시,목요일,충청북도 청주시 흥덕구 복대동,경상사고,0,0,1,0,차대사람 - 기타,안전운전불이행,포장 - 건조,맑음,교차로 - 교차로부근,승용,여,62세,상해없음,보행자,남,57세,경상
2020051400100461,2020년 5월 14일 18시,목요일,충청북도 충주시 봉방동,경상사고,0,0,1,0,차대사람 - 기타,안전운전불이행,포장 - 건조,맑음,교차로 - 교차로안,승용,여,57세,상해없음,보행자,남,15세,경상
2020051500100509,2020년 5월 15일 19시,금요일,충청북도 청주시 흥덕구 비하동,중상사고,0,1,0,0,차대사람 - 횡단중,안전운전불이행,포장 - 건조,맑음,교차로 - 교차로안,승용,남,57세,상해없음,보행자,남,53세,중상
2020051500100548,2020년 5월 15일 20시,금요일,충청북도 청주시 서원구 분평동,중상사고,0,2,0,0,차대사람 - 횡단중,안전운전불이행,포장 - 젖음/습기,비,교차로 - 교차로부근,승용,여,37세,상해없음,보행자,남,50세,중상
2020051500100590,2020년 5월 15일 21시,금요일,충청북도 제천시 중앙로2가,경상사고,0,0,1,0,차대사람 - 보도통행중,보행자보호의무위반,포장 - 젖음/습기,비,교차로 - 교차로부근,이륜,남,17세,상해없음,보행자,여,72세,경상
2020051500100592,2020년 5월 15일 21시,금요일,충청북도 진천군 진천읍,경상사고,0,0,1,0,차대사람 - 횡단중,안전운전불이행,포장 - 젖음/습기,흐림,교차로 - 교차로안,승용,여,53세,상해없음,보행자,남,25세,경상
2020051600100181,2020년 5월 16일 11시,토요일,충청북도 청주시 청원구 율량동,경상사고,0,0,1,0,차대사람 - 기타,보행자보호의무위반,포장 - 건조,맑음,교차로 - 교차로횡단보도내,승용,여,56세,기타불명,보행자,여,9세,경상
2020051600100279,2020년 5월 16일 14시,토요일,충청북도 청주시 청원구 우암동,중상사고,0,1,0,0,차대사람 - 기타,안전운전불이행,포장 - 건조,맑음,단일로 - 기타,기타불명,기타불명,미분류,기타불명,보행자,여,79세,중상
2020051600100435,2020년 5월 16일 19시,토요일,충청북도 진천군 덕산읍,중상사고,0,1,0,0,차대사람 - 횡단중,보행자보호의무위반,포장 - 건조,맑음,교차로 - 교차로횡단보도내,승용,여,33세,상해없음,보행자,여,14세,중상
2020051700100039,2020년 5월 17일 02시,일요일,충청북도 청주시 흥덕구 옥산면,경상사고,0,0,4,0,차대사람 - 기타,안전운전불이행,포장 - 건조,맑음,교차로 - 교차로부근,승용,남,22세,상해없음,보행자,남,25세,경상
2020051800100112,2020년 5월 18일 09시,월요일,충청북도 청주시 상당구 용암동,경상사고,0,0,1,0,차대사람 - 기타,안전운전불이행,포장 - 건조,맑음,단일로 - 지하차도(도로)내,승용,남,84세,상해없음,보행자,남,54세,경상
2020051800100433,2020년 5월 18일 17시,월요일,충청북도 청주시 흥덕구 가경동,경상사고,0,0,1,0,차대사람 - 기타,안전운전불이행,포장 - 젖음/습기,비,교차로 - 교차로부근,화물,남,52세,상해없음,보행자,여,19세,경상
2020051800100482,2020년 5월 18일 18시,월요일,충청북도 청주시 상당구 서운동,경상사고,0,0,1,0,차대사람 - 보도통행중,보행자보호의무위반,포장 - 젖음/습기,비,교차로 - 교차로횡단보도내,승용,남,65세,상해없음,보행자,남,58세,경상
2020051800100560,2020년 5월 18일 20시,월요일,충청북도 청주시 흥덕구 봉명동,중상사고,0,1,0,0,차대사람 - 횡단중,보행자보호의무위반,포장 - 젖음/습기,비,교차로 - 교차로횡단보도내,승용,여,40세,상해없음,보행자,여,55세,중상
2020051900100137,2020년 5월 19일 10시,화요일,충청북도 청주시 서원구 사직동,부상신고사고,0,0,0,1,차대사람 - 기타,안전운전불이행,포장 - 젖음/습기,맑음,단일로 - 기타,승합,남,47세,상해없음,보행자,남,26세,부상신고
2020051900100386,2020년 5월 19일 17시,화요일,충청북도 청주시 청원구 우암동,중상사고,0,1,0,0,차대사람 - 기타,안전운전불이행,포장 - 건조,맑음,단일로 - 기타,화물,남,64세,상해없음,보행자,남,57세,중상
2020052000100224,2020년 5월 20일 11시,수요일,충청북도 보은군 보은읍,중상사고,0,1,0,0,차대사람 - 횡단중,보행자보호의무위반,포장 - 건조,맑음,교차로 - 교차로횡단보도내,화물,남,69세,상해없음,보행자,여,75세,중상
2020052000100315,2020년 5월 20일 13시,수요일,충청북도 청주시 서원구 수곡동,경상사고,0,0,1,0,차대사람 - 기타,안전운전불이행,포장 - 건조,맑음,단일로 - 기타,승용,여,57세,상해없음,보행자,여,44세,경상
2020052000100349,2020년 5월 20일 14시,수요일,충청북도 청주시 서원구 산남동,경상사고,0,0,1,0,차대사람 - 기타,안전운전불이행,포장 - 건조,맑음,교차로 - 교차로안,승용,여,47세,상해없음,보행자,남,76세,경상
2020052100100046,2020년 5월 21일 06시,목요일,충청북도 청주시 상당구 용암동,중상사고,0,1,0,0,차대사람 - 기타,보행자보호의무위반,포장 - 건조,맑음,교차로 - 교차로횡단보도내,승용,남,49세,상해없음,보행자,남,75세,중상
2020052100100244,2020년 5월 21일 12시,목요일,충청북도 제천시 화산동,중상사고,0,1,0,1,차대사람 - 횡단중,안전운전불이행,포장 - 건조,맑음,교차로 - 교차로부근,이륜,남,40세,부상신고,보행자,남,8세,중상
2020052100100355,2020년 5월 21일 15시,목요일,충청북도 청주시 서원구 수곡동,경상사고,0,0,1,0,차대사람 - 기타,안전운전불이행,포장 - 건조,맑음,교차로 - 교차로부근,승용,남,31세,상해없음,보행자,여,64세,경상
2020052100100493,2020년 5월 21일 18시,목요일,충청북도 청주시 상당구 북문로3가동,경상사고,0,0,1,0,차대사람 - 길가장자리구역통행중,안전운전불이행,포장 - 건조,맑음,단일로 - 기타,승용,남,37세,상해없음,보행자,여,57세,경상
2020052100100495,2020년 5월 21일 18시,목요일,충청북도 청주시 흥덕구 오송읍,경상사고,0,0,1,0,차대사람 - 횡단중,안전운전불이행,포장 - 건조,맑음,단일로 - 기타,화물,남,44세,상해없음,보행자,남,6세,경상
2020052200100099,2020년 5월 22일 08시,금요일,충청북도 괴산군 괴산읍,중상사고,0,1,0,0,차대사람 - 횡단중,안전운전불이행,포장 - 건조,맑음,교차로 - 교차로안,승용,여,50세,상해없음,보행자,여,88세,중상
2020052200100602,2020년 5월 22일 20시,금요일,충청북도 제천시 하소동,중상사고,0,1,1,0,차대사람 - 차도통행중,안전운전불이행,포장 - 건조,맑음,기타 - 기타,승용,남,55세,상해없음,보행자,여,8세,중상
2020052300100359,2020년 5월 23일 15시,토요일,충청북도 충주시 문화동,중상사고,0,1,0,0,차대사람 - 기타,안전운전불이행,포장 - 건조,맑음,기타 - 기타,자전거,남,53세,상해없음,보행자,남,7세,중상
2020052300100608,2020년 5월 23일 23시,토요일,충청북도 청주시 흥덕구 오송읍,중상사고,0,1,0,0,차대사람 - 횡단중,안전운전불이행,포장 - 건조,맑음,단일로 - 기타,승용,남,34세,상해없음,보행자,남,62세,중상
2020052500100011,2020년 5월 25일 01시,월요일,충청북도 진천군 진천읍,부상신고사고,0,0,0,1,차대사람 - 기타,안전운전불이행,포장 - 건조,맑음,단일로 - 기타,승용,여,64세,상해없음,보행자,남,45세,부상신고
2020052500100190,2020년 5월 25일 11시,월요일,충청북도 증평군 증평읍,중상사고,0,1,0,0,차대사람 - 기타,안전운전불이행,포장 - 건조,맑음,단일로 - 기타,승용,남,66세,상해없음,보행자,여,84세,중상
2020052500100373,2020년 5월 25일 16시,월요일,충청북도 제천시 신백동,경상사고,0,0,1,0,차대사람 - 기타,안전운전불이행,포장 - 건조,맑음,주차장 - 주차장,승용,남,32세,상해없음,보행자,남,39세,경상
2020052500100550,2020년 5월 25일 21시,월요일,충청북도 청주시 서원구 분평동,경상사고,0,0,1,0,차대사람 - 횡단중,보행자보호의무위반,포장 - 건조,맑음,단일로 - 지하차도(도로)내,승용,남,27세,상해없음,보행자,여,26세,경상
2020052600100305,2020년 5월 26일 14시,화요일,충청북도 청주시 서원구 사창동,경상사고,0,0,1,0,차대사람 - 기타,안전운전불이행,포장 - 건조,맑음,단일로 - 기타,승용,남,63세,상해없음,보행자,여,21세,경상
2020052600100379,2020년 5월 26일 16시,화요일,충청북도 충주시 충의동,경상사고,0,0,1,0,차대사람 - 길가장자리구역통행중,안전운전불이행,포장 - 건조,맑음,기타 - 기타,승용,여,53세,상해없음,보행자,남,56세,경상
2020052800100112,2020년 5월 28일 08시,목요일,충청북도 음성군 금왕읍,경상사고,0,0,1,0,차대사람 - 기타,안전운전불이행,포장 - 건조,맑음,단일로 - 기타,승용,남,59세,기타불명,보행자,남,24세,경상
2020052800100113,2020년 5월 28일 08시,목요일,충청북도 청주시 흥덕구 복대동,경상사고,0,0,1,0,차대사람 - 기타,보행자보호의무위반,포장 - 건조,맑음,교차로 - 교차로안,화물,남,66세,상해없음,보행자,여,15세,경상
2020052800100334,2020년 5월 28일 14시,목요일,충청북도 청주시 상당구 용암동,경상사고,0,0,1,0,차대사람 - 기타,안전운전불이행,포장 - 건조,맑음,단일로 - 기타,기타불명,기타불명,미분류,기타불명,보행자,여,82세,경상
2020052800100537,2020년 5월 28일 20시,목요일,충청북도 충주시 교현동,중상사고,0,1,0,0,차대사람 - 횡단중,안전운전불이행,포장 - 건조,맑음,교차로 - 교차로안,승용,남,59세,상해없음,보행자,남,17세,중상
2020052900100316,2020년 5월 29일 13시,금요일,충청북도 청주시 흥덕구 봉명동,경상사고,0,0,1,0,차대사람 - 횡단중,안전운전불이행,포장 - 건조,맑음,단일로 - 기타,승용,여,42세,상해없음,보행자,남,8세,경상
2020052900100389,2020년 5월 29일 15시,금요일,충청북도 청주시 서원구 수곡동,경상사고,0,0,1,0,차대사람 - 횡단중,보행자보호의무위반,포장 - 건조,맑음,교차로 - 교차로횡단보도내,원동기,남,29세,상해없음,보행자,여,23세,경상
2020052900100590,2020년 5월 29일 19시,금요일,충청북도 괴산군 괴산읍,중상사고,0,1,0,0,차대사람 - 횡단중,안전운전불이행,포장 - 건조,맑음,교차로 - 교차로안,화물,남,61세,상해없음,보행자,여,77세,중상
2020052900100630,2020년 5월 29일 20시,금요일,충청북도 청주시 서원구 사직동,경상사고,0,0,1,0,차대사람 - 기타,안전운전불이행,포장 - 건조,맑음,교차로 - 교차로안,승용,남,27세,상해없음,보행자,여,66세,경상
2020052900100633,2020년 5월 29일 20시,금요일,충청북도 청주시 서원구 모충동,경상사고,0,0,1,0,차대사람 - 차도통행중,안전운전불이행,포장 - 건조,맑음,단일로 - 지하차도(도로)내,승용,남,22세,상해없음,보행자,남,65세,경상
2020053000100221,2020년 5월 30일 11시,토요일,충청북도 청주시 청원구 오창읍,중상사고,0,1,0,0,차대사람 - 기타,불법유턴,포장 - 건조,맑음,주차장 - 주차장,승용,남,61세,상해없음,보행자,여,84세,중상
2020053000100321,2020년 5월 30일 13시,토요일,충청북도 제천시 교동,중상사고,0,1,0,0,차대사람 - 횡단중,보행자보호의무위반,포장 - 건조,맑음,기타 - 기타,승용,여,46세,상해없음,보행자,여,81세,중상
2020053000100628,2020년 5월 30일 22시,토요일,충청북도 충주시 용산동,중상사고,0,1,0,0,차대사람 - 보도통행중,안전운전불이행,포장 - 건조,맑음,기타 - 기타,자전거,남,27세,상해없음,보행자,여,55세,중상
2020053100100257,2020년 5월 31일 15시,일요일,충청북도 청주시 서원구 사창동,경상사고,0,0,1,0,차대사람 - 기타,불법유턴,포장 - 건조,맑음,단일로 - 기타,승용,남,25세,상해없음,보행자,남,26세,경상
2020053100100330,2020년 5월 31일 17시,일요일,충청북도 청주시 상당구 용암동,중상사고,0,1,0,0,차대사람 - 횡단중,안전운전불이행,포장 - 건조,맑음,단일로 - 기타,승용,여,65세,상해없음,보행자,남,10세,중상
2020053100100363,2020년 5월 31일 18시,일요일,충청북도 증평군 증평읍,경상사고,0,0,1,0,차대사람 - 기타,안전운전불이행,포장 - 건조,맑음,단일로 - 기타,승용,남,49세,상해없음,보행자,남,8세,경상
2020053100100440,2020년 5월 31일 21시,일요일,충청북도 충주시 연수동,경상사고,0,0,1,0,차대사람 - 기타,안전운전불이행,포장 - 건조,맑음,단일로 - 기타,승용,남,28세,상해없음,보행자,남,59세,경상
2020060100100044,2020년 6월 1일 05시,월요일,충청북도 청주시 흥덕구 봉명동,중상사고,0,1,0,0,차대사람 - 횡단중,신호위반,포장 - 젖음/습기,흐림,교차로 - 교차로안,승용,남,64세,상해없음,보행자,여,62세,중상
2020060100100573,2020년 6월 1일 18시,월요일,충청북도 음성군 금왕읍,경상사고,0,0,1,0,차대사람 - 기타,안전운전불이행,포장 - 건조,맑음,단일로 - 기타,승용,여,27세,상해없음,보행자,남,26세,경상
2020060200100296,2020년 6월 2일 13시,화요일,충청북도 옥천군 옥천읍,경상사고,0,0,1,0,차대사람 - 횡단중,보행자보호의무위반,포장 - 건조,맑음,교차로 - 교차로안,승용,남,65세,상해없음,보행자,여,17세,경상
2020060200100297,2020년 6월 2일 13시,화요일,충청북도 진천군 진천읍,경상사고,0,0,1,0,차대사람 - 횡단중,보행자보호의무위반,포장 - 젖음/습기,흐림,단일로 - 기타,승용,여,62세,상해없음,보행자,남,27세,경상
2020060200100415,2020년 6월 2일 16시,화요일,충청북도 청주시 서원구 수곡동,중상사고,0,1,0,0,차대사람 - 횡단중,보행자보호의무위반,포장 - 건조,맑음,교차로 - 교차로횡단보도내,승합,남,52세,상해없음,보행자,남,77세,중상
2020060200100517,2020년 6월 2일 19시,화요일,충청북도 진천군 덕산면,경상사고,0,0,1,0,차대사람 - 횡단중,보행자보호의무위반,포장 - 건조,맑음,단일로 - 기타,승용,남,65세,상해없음,보행자,남,60세,경상
2020060200100614,2020년 6월 2일 23시,화요일,충청북도 청주시 흥덕구 복대동,경상사고,0,0,2,0,차대사람 - 기타,안전운전불이행,포장 - 젖음/습기,비,교차로 - 교차로횡단보도내,승용,남,38세,상해없음,보행자,여,34세,경상
2020060400100262,2020년 6월 4일 13시,목요일,충청북도 충주시 앙성면,중상사고,0,1,0,0,차대사람 - 기타,안전운전불이행,포장 - 건조,맑음,단일로 - 기타,화물,남,56세,상해없음,보행자,남,46세,중상
2020060600100302,2020년 6월 6일 14시,토요일,충청북도 충주시 금가면,중상사고,0,1,0,0,차대사람 - 횡단중,안전운전불이행,포장 - 건조,맑음,단일로 - 기타,화물,여,62세,상해없음,보행자,남,58세,중상
2020060600100338,2020년 6월 6일 15시,토요일,충청북도 청주시 상당구 서문동,경상사고,0,0,1,0,차대사람 - 기타,안전운전불이행,포장 - 건조,맑음,단일로 - 기타,승용,남,26세,상해없음,보행자,여,20세,경상
2020060600100580,2020년 6월 6일 22시,토요일,충청북도 청주시 청원구 우암동,경상사고,0,0,1,0,차대사람 - 길가장자리구역통행중,안전운전불이행,포장 - 건조,맑음,단일로 - 기타,화물,남,24세,상해없음,보행자,남,24세,경상
2020060700100006,2020년 6월 7일 00시,일요일,충청북도 청주시 서원구 사창동,경상사고,0,0,1,0,차대사람 - 기타,안전운전불이행,포장 - 건조,맑음,단일로 - 기타,승용,남,24세,상해없음,보행자,남,25세,경상
2020060700100325,2020년 6월 7일 16시,일요일,충청북도 제천시 청전동,경상사고,0,0,1,0,차대사람 - 기타,안전운전불이행,포장 - 건조,맑음,단일로 - 지하차도(도로)내,승용,남,75세,상해없음,보행자,남,28세,경상
2020060800100082,2020년 6월 8일 07시,월요일,충청북도 청주시 흥덕구 비하동,경상사고,0,0,1,0,차대사람 - 기타,안전운전불이행,포장 - 건조,맑음,교차로 - 교차로부근,승용,남,77세,상해없음,보행자,남,30세,경상
2020060800100200,2020년 6월 8일 10시,월요일,충청북도 제천시 장락동,중상사고,0,1,0,0,차대사람 - 횡단중,안전운전불이행,포장 - 건조,맑음,교차로 - 교차로안,화물,남,74세,상해없음,보행자,여,73세,중상
2020060800100448,2020년 6월 8일 16시,월요일,충청북도 청주시 상당구 석교동,경상사고,0,0,1,0,차대사람 - 기타,안전운전불이행,포장 - 건조,맑음,단일로 - 기타,승용,여,69세,상해없음,보행자,남,22세,경상
2020060800100591,2020년 6월 8일 19시,월요일,충청북도 청주시 흥덕구 봉명동,경상사고,0,0,1,0,차대사람 - 길가장자리구역통행중,안전운전불이행,포장 - 건조,맑음,단일로 - 기타,승용,남,43세,상해없음,보행자,남,23세,경상
2020060800100625,2020년 6월 8일 20시,월요일,충청북도 충주시 교현동,중상사고,0,1,0,0,차대사람 - 기타,안전운전불이행,포장 - 건조,맑음,교차로 - 교차로안,기타불명,기타불명,미분류,기타불명,보행자,남,17세,중상
2020060900100542,2020년 6월 9일 18시,화요일,충청북도 영동군 영동읍,경상사고,0,0,1,0,차대사람 - 차도통행중,기타,포장 - 건조,맑음,단일로 - 기타,승용,남,21세,상해없음,보행자,남,48세,경상
2020061000100050,2020년 6월 10일 06시,수요일,충청북도 청주시 청원구 우암동,중상사고,0,1,0,0,차대사람 - 횡단중,안전운전불이행,포장 - 건조,맑음,교차로 - 교차로횡단보도내,승용,남,70세,상해없음,보행자,여,79세,중상
2020061000100286,2020년 6월 10일 13시,수요일,충청북도 제천시 하소동,중상사고,0,1,0,0,차대사람 - 횡단중,기타,포장 - 건조,맑음,교차로 - 교차로안,승용,여,57세,상해없음,보행자,여,7세,중상
2020061000100665,2020년 6월 10일 21시,수요일,충청북도 청주시 서원구 사창동,경상사고,0,0,1,0,차대사람 - 기타,안전운전불이행,포장 - 젖음/습기,비,단일로 - 기타,기타불명,기타불명,미분류,기타불명,보행자,여,24세,경상
2020061000100667,2020년 6월 10일 21시,수요일,충청북도 음성군 대소면,중상사고,0,1,0,0,차대사람 - 기타,안전운전불이행,포장 - 젖음/습기,비,교차로 - 교차로안,승용,남,41세,상해없음,보행자,남,47세,중상
2020061000100723,2020년 6월 10일 22시,수요일,충청북도 청주시 서원구 개신동,경상사고,0,0,1,0,차대사람 - 횡단중,보행자보호의무위반,포장 - 젖음/습기,비,교차로 - 교차로횡단보도내,원동기,남,21세,상해없음,보행자,남,24세,경상
2020061000100725,2020년 6월 10일 22시,수요일,충청북도 청주시 상당구 금천동,경상사고,0,0,1,0,차대사람 - 기타,안전운전불이행,포장 - 젖음/습기,비,교차로 - 교차로부근,승합,남,58세,상해없음,보행자,여,26세,경상
2020061100100186,2020년 6월 11일 10시,목요일,충청북도 청주시 흥덕구 수의동,중상사고,0,1,1,0,차대사람 - 기타,안전운전불이행,포장 - 건조,맑음,단일로 - 기타,승용,남,23세,상해없음,보행자,남,33세,경상
2020061100100285,2020년 6월 11일 13시,목요일,충청북도 청주시 서원구 사창동,경상사고,0,0,1,0,차대사람 - 기타,교차로운행방법위반,포장 - 건조,맑음,교차로 - 교차로안,화물,남,69세,상해없음,보행자,남,67세,경상
2020061200100335,2020년 6월 12일 14시,금요일,충청북도 청주시 흥덕구 봉명동,중상사고,0,1,0,0,차대사람 - 기타,안전운전불이행,포장 - 건조,맑음,교차로 - 교차로안,승용,여,45세,상해없음,보행자,남,25세,중상
2020061200100407,2020년 6월 12일 16시,금요일,충청북도 음성군 음성읍,중상사고,0,1,0,0,차대사람 - 기타,안전운전불이행,포장 - 건조,맑음,교차로 - 교차로부근,승용,남,54세,상해없음,보행자,여,78세,중상
2020061200100639,2020년 6월 12일 21시,금요일,충청북도 음성군 대소면,경상사고,0,0,1,0,차대사람 - 기타,안전운전불이행,포장 - 젖음/습기,흐림,교차로 - 교차로안,승용,남,49세,상해없음,보행자,남,38세,경상
2020061300100075,2020년 6월 13일 03시,토요일,충청북도 청주시 흥덕구 비하동,중상사고,0,1,0,0,차대사람 - 횡단중,안전운전불이행,포장 - 건조,맑음,교차로 - 교차로부근,승용,남,66세,상해없음,보행자,남,43세,중상
2020061300100216,2020년 6월 13일 11시,토요일,충청북도 충주시 충의동,경상사고,0,0,1,0,차대사람 - 기타,안전운전불이행,포장 - 건조,맑음,단일로 - 기타,승용,여,60세,상해없음,보행자,남,72세,경상
2020061300100571,2020년 6월 13일 20시,토요일,충청북도 청주시 서원구 사직동,사망사고,1,0,0,0,차대사람 - 횡단중,안전운전불이행,포장 - 젖음/습기,맑음,교차로 - 교차로안,승용,여,58세,상해없음,보행자,여,78세,사망
2020061400100174,2020년 6월 14일 12시,일요일,충청북도 음성군 삼성면,중상사고,0,1,0,0,차대사람 - 횡단중,교차로운행방법위반,포장 - 건조,맑음,교차로 - 교차로안,승용,남,86세,상해없음,보행자,여,67세,중상
2020061400100238,2020년 6월 14일 14시,일요일,충청북도 청주시 청원구 오창읍,중상사고,0,1,0,0,차대사람 - 기타,안전운전불이행,포장 - 건조,맑음,단일로 - 기타,승용,여,29세,상해없음,보행자,여,81세,중상
2020061500100007,2020년 6월 15일 00시,월요일,충청북도 음성군 삼성면,경상사고,0,0,1,0,차대사람 - 길가장자리구역통행중,안전운전불이행,포장 - 건조,맑음,교차로 - 교차로부근,승용,남,54세,상해없음,보행자,남,54세,경상
2020061500100557,2020년 6월 15일 18시,월요일,충청북도 진천군 진천읍,경상사고,0,0,1,0,차대사람 - 횡단중,안전운전불이행,포장 - 건조,맑음,단일로 - 기타,승용,남,18세,상해없음,보행자,여,28세,경상
2020061600100070,2020년 6월 16일 07시,화요일,충청북도 충주시 연수동,중상사고,0,1,0,0,차대사람 - 횡단중,보행자보호의무위반,포장 - 건조,맑음,교차로 - 교차로안,승합,남,66세,상해없음,보행자,여,73세,중상
2020061600100283,2020년 6월 16일 13시,화요일,충청북도 청주시 청원구 율량동,중상사고,0,1,1,0,차대사람 - 기타,안전운전불이행,포장 - 건조,맑음,교차로 - 교차로안,승용,여,26세,상해없음,보행자,여,27세,경상
2020061600100322,2020년 6월 16일 14시,화요일,충청북도 단양군 단양읍,경상사고,0,0,4,0,차대사람 - 기타,안전운전불이행,포장 - 건조,맑음,주차장 - 주차장,승용,남,62세,상해없음,보행자,여,56세,경상
2020061600100512,2020년 6월 16일 18시,화요일,충청북도 청주시 서원구 모충동,경상사고,0,0,1,0,차대사람 - 기타,안전운전불이행,포장 - 건조,맑음,기타 - 기타,승용,여,60세,상해없음,보행자,여,40세,경상
2020061600100627,2020년 6월 16일 21시,화요일,충청북도 청주시 흥덕구 오송읍,경상사고,0,0,1,0,차대사람 - 횡단중,안전운전불이행,포장 - 건조,맑음,단일로 - 기타,승용,남,51세,상해없음,보행자,남,57세,경상
2020061700100005,2020년 6월 17일 00시,수요일,충청북도 청주시 서원구 분평동,중상사고,0,1,0,0,차대사람 - 횡단중,안전운전불이행,포장 - 건조,맑음,교차로 - 교차로횡단보도내,승용,여,39세,상해없음,보행자,여,19세,중상
2020061700100155,2020년 6월 17일 09시,수요일,충청북도 청주시 청원구 내수읍,경상사고,0,0,1,0,차대사람 - 기타,안전운전불이행,포장 - 건조,맑음,단일로 - 기타,승용,여,35세,상해없음,보행자,남,8세,경상
2020061700100322,2020년 6월 17일 14시,수요일,충청북도 청주시 상당구 금천동,경상사고,0,0,1,0,차대사람 - 보도통행중,안전운전불이행,포장 - 건조,맑음,단일로 - 기타,자전거,남,9세,경상,보행자,남,8세,상해없음
2020061700100512,2020년 6월 17일 19시,수요일,충청북도 제천시 신백동,경상사고,0,0,1,0,차대사람 - 기타,안전운전불이행,포장 - 건조,맑음,단일로 - 기타,승용,남,69세,상해없음,보행자,여,60세,경상
2020061800100136,2020년 6월 18일 08시,목요일,충청북도 청주시 상당구 금천동,중상사고,0,1,1,0,차대사람 - 횡단중,안전운전불이행,포장 - 건조,맑음,교차로 - 교차로안,승용,여,47세,상해없음,보행자,여,78세,경상
2020061800100401,2020년 6월 18일 16시,목요일,충청북도 제천시 화산동,중상사고,0,1,0,0,차대사람 - 횡단중,안전운전불이행,포장 - 건조,맑음,교차로 - 교차로안,화물,남,54세,상해없음,보행자,여,57세,중상
2020061800100433,2020년 6월 18일 17시,목요일,충청북도 청주시 상당구 문화동,경상사고,0,0,1,0,차대사람 - 횡단중,보행자보호의무위반,포장 - 건조,맑음,교차로 - 교차로횡단보도내,승용,여,26세,상해없음,보행자,여,18세,경상
2020061900100083,2020년 6월 19일 07시,금요일,충청북도 청주시 서원구 분평동,중상사고,0,1,0,0,차대사람 - 보도통행중,안전운전불이행,포장 - 건조,맑음,교차로 - 교차로부근,화물,남,53세,상해없음,보행자,남,69세,중상
2020061900100223,2020년 6월 19일 11시,금요일,충청북도 괴산군 괴산읍,중상사고,0,1,0,0,차대사람 - 횡단중,보행자보호의무위반,포장 - 건조,맑음,단일로 - 기타,승용,남,43세,상해없음,보행자,남,66세,중상
2020061900100387,2020년 6월 19일 15시,금요일,충청북도 청주시 서원구 사창동,경상사고,0,0,1,0,차대사람 - 기타,안전운전불이행,포장 - 건조,맑음,단일로 - 기타,승용,남,51세,기타불명,보행자,여,18세,경상
2020061900100608,2020년 6월 19일 19시,금요일,충청북도 증평군 도안면,중상사고,0,1,0,0,차대사람 - 기타,안전운전불이행,포장 - 건조,맑음,단일로 - 기타,승용,남,68세,상해없음,보행자,남,87세,중상
2020062000100140,2020년 6월 20일 09시,토요일,충청북도 단양군 대강면,중상사고,0,1,0,0,차대사람 - 기타,안전운전불이행,포장 - 건조,맑음,교차로 - 교차로안,화물,남,69세,상해없음,보행자,여,83세,중상
2020062000100429,2020년 6월 20일 16시,토요일,충청북도 증평군 증평읍,중상사고,0,1,0,0,차대사람 - 횡단중,보행자보호의무위반,포장 - 건조,맑음,교차로 - 교차로횡단보도내,승용,남,48세,상해없음,보행자,여,37세,중상
2020062000100584,2020년 6월 20일 20시,토요일,충청북도 충주시 연수동,중상사고,0,1,1,0,차대사람 - 차도통행중,안전운전불이행,포장 - 건조,흐림,단일로 - 기타,승용,남,60세,상해없음,보행자,여,76세,중상
2020062000100585,2020년 6월 20일 20시,토요일,충청북도 충주시 성서동,경상사고,0,0,1,0,차대사람 - 차도통행중,안전운전불이행,포장 - 건조,맑음,단일로 - 기타,승용,여,21세,상해없음,보행자,여,54세,경상
2020062100100249,2020년 6월 21일 14시,일요일,충청북도 진천군 진천읍,경상사고,0,0,1,0,차대사람 - 횡단중,안전운전불이행,포장 - 건조,맑음,단일로 - 기타,승용,여,64세,상해없음,보행자,남,2세,경상
2020062100100291,2020년 6월 21일 15시,일요일,충청북도 청주시 서원구 남이면,중상사고,0,1,0,0,차대사람 - 기타,안전운전불이행,포장 - 건조,맑음,교차로 - 교차로안,승용,여,34세,상해없음,보행자,여,65세,중상