사고번호,사고일시,요일,시군구,사고내용,사망자수,중상자수,경상자수,부상신고자수,사고유형,법규위반,노면상태,기상상태,도로형태,가해운전자 차종,가해운전자 성별,가해운전자 연령,가해운전자 상해정도,피해운전자 차종,피해운전자 성별,피해운전자 연령,피해운전자 상해정도
2020112100100094,2020년 11월 21일 07시,토요일,충청북도 청주시 청원구 내덕동,중상사고,0,1,0,0,차대사람 - 횡단중,신호위반,포장 - 건조,맑음,교차로 - 교차로안,승용,남,62세,상해없음,보행자,여,72세,중상
2020112100100113,2020년 11월 21일 08시,토요일,충청북도 영동군 영동읍,부상신고사고,0,0,0,1,차대사람 - 기타,안전운전불이행,포장 - 건조,맑음,단일로 - 기타,화물,남,59세,상해없음,보행자,여,76세,부상신고
2020112100100413,2020년 11월 21일 17시,토요일,충청북도 청주시 흥덕구 가경동,중상사고,0,1,0,0,차대사람 - 횡단중,과속,포장 - 건조,맑음,교차로 - 교차로횡단보도내,승용,남,22세,상해없음,보행자,여,22세,중상
2020112100100495,2020년 11월 21일 19시,토요일,충청북도 청주시 흥덕구 가경동,경상사고,0,0,1,0,차대사람 - 기타,안전운전불이행,포장 - 건조,맑음,기타 - 기타,화물,남,47세,상해없음,보행자,남,60세,경상
2020112200100152,2020년 11월 22일 12시,일요일,충청북도 충주시 호암동,경상사고,0,0,1,0,차대사람 - 기타,안전운전불이행,포장 - 건조,맑음,기타 - 기타,원동기,남,52세,상해없음,보행자,남,7세,경상
2020112200100371,2020년 11월 22일 20시,일요일,충청북도 청주시 서원구 수곡동,중상사고,0,1,0,0,차대사람 - 횡단중,안전운전불이행,포장 - 건조,맑음,교차로 - 교차로부근,승용,남,57세,상해없음,보행자,여,81세,중상
2020112200100411,2020년 11월 22일 22시,일요일,충청북도 청주시 흥덕구 가경동,경상사고,0,0,1,0,차대사람 - 횡단중,중앙선침범,포장 - 건조,맑음,단일로 - 기타,승용,남,69세,상해없음,보행자,남,52세,경상
2020112300100041,2020년 11월 23일 06시,월요일,충청북도 청주시 서원구 사창동,경상사고,0,0,1,0,차대사람 - 횡단중,신호위반,포장 - 건조,맑음,기타 - 기타,이륜,남,44세,상해없음,보행자,남,56세,경상
2020112300100042,2020년 11월 23일 06시,월요일,충청북도 청주시 청원구 율량동,중상사고,0,1,0,0,차대사람 - 기타,안전운전불이행,포장 - 건조,맑음,교차로 - 교차로안,이륜,남,60세,상해없음,보행자,남,71세,중상
2020112300100064,2020년 11월 23일 07시,월요일,충청북도 청주시 상당구 용담동,경상사고,0,0,1,0,차대사람 - 차도통행중,안전운전불이행,포장 - 건조,맑음,교차로 - 교차로안,승용,남,78세,상해없음,보행자,남,26세,경상
2020112300100203,2020년 11월 23일 11시,월요일,충청북도 청주시 상당구 남일면,중상사고,0,1,0,0,차대사람 - 기타,안전운전불이행,포장 - 건조,맑음,교차로 - 교차로안,승용,남,57세,상해없음,보행자,남,25세,중상
2020112300100247,2020년 11월 23일 12시,월요일,충청북도 진천군 덕산면,경상사고,0,0,1,0,차대사람 - 횡단중,안전운전불이행,포장 - 건조,맑음,교차로 - 교차로부근,승용,여,49세,상해없음,보행자,남,9세,경상
2020112300100291,2020년 11월 23일 13시,월요일,충청북도 청주시 청원구 사천동,경상사고,0,0,1,0,차대사람 - 기타,기타,포장 - 건조,맑음,기타 - 기타,기타불명,남,42세,기타불명,보행자,남,54세,경상
2020112400100323,2020년 11월 24일 15시,화요일,충청북도 청주시 청원구 율량동,경상사고,0,0,1,0,차대사람 - 기타,안전운전불이행,포장 - 건조,맑음,단일로 - 기타,화물,남,64세,기타불명,보행자,남,8세,경상
2020112400100368,2020년 11월 24일 16시,화요일,충청북도 진천군 진천읍,경상사고,0,0,1,0,차대사람 - 횡단중,안전운전불이행,포장 - 건조,맑음,단일로 - 기타,승용,남,43세,상해없음,보행자,남,43세,경상
2020112400100587,2020년 11월 24일 21시,화요일,충청북도 충주시 문화동,경상사고,0,0,1,0,차대사람 - 기타,안전운전불이행,포장 - 건조,맑음,교차로 - 교차로안,승용,남,55세,상해없음,보행자,여,66세,경상
2020112500100087,2020년 11월 25일 08시,수요일,충청북도 충주시 봉방동,중상사고,0,1,0,0,차대사람 - 횡단중,안전운전불이행,포장 - 건조,맑음,교차로 - 교차로안,승용,남,40세,상해없음,보행자,여,80세,중상
2020112600100100,2020년 11월 26일 08시,목요일,충청북도 청주시 서원구 분평동,경상사고,0,0,1,0,차대사람 - 횡단중,안전운전불이행,포장 - 건조,맑음,단일로 - 지하차도(도로)내,승용,여,43세,상해없음,보행자,남,10세,경상
2020112600100136,2020년 11월 26일 09시,목요일,충청북도 보은군 보은읍,경상사고,0,0,1,0,차대사람 - 횡단중,안전운전불이행,포장 - 건조,맑음,단일로 - 기타,승용,여,56세,상해없음,보행자,여,83세,경상
2020112600100446,2020년 11월 26일 18시,목요일,충청북도 청주시 흥덕구 복대동,경상사고,0,0,1,0,차대사람 - 기타,안전운전불이행,포장 - 건조,맑음,단일로 - 기타,기타불명,기타불명,미분류,기타불명,보행자,남,36세,경상
2020112700100458,2020년 11월 27일 18시,금요일,충청북도 청주시 흥덕구 옥산면,경상사고,0,0,1,0,차대사람 - 길가장자리구역통행중,안전운전불이행,포장 - 건조,맑음,단일로 - 기타,승용,남,58세,상해없음,보행자,여,83세,경상
2020112700100530,2020년 11월 27일 19시,금요일,충청북도 청주시 흥덕구 송절동,경상사고,0,0,1,0,차대사람 - 횡단중,보행자보호의무위반,포장 - 건조,맑음,교차로 - 교차로횡단보도내,승용,남,48세,상해없음,보행자,여,58세,경상
2020112800100470,2020년 11월 28일 19시,토요일,충청북도 청주시 청원구 내덕동,경상사고,0,0,1,0,차대사람 - 기타,안전운전불이행,포장 - 건조,맑음,단일로 - 기타,승합,남,57세,상해없음,보행자,남,49세,경상
2020112900100008,2020년 11월 29일 00시,일요일,충청북도 충주시 연수동,경상사고,0,0,1,0,차대사람 - 기타,안전운전불이행,포장 - 건조,맑음,단일로 - 기타,승용,여,55세,상해없음,보행자,남,40세,경상
2020112900100269,2020년 11월 29일 17시,일요일,충청북도 괴산군 괴산읍,경상사고,0,0,2,0,차대사람 - 횡단중,안전운전불이행,포장 - 건조,맑음,교차로 - 교차로횡단보도내,화물,남,30세,상해없음,보행자,남,57세,경상
2020113000100004,2020년 11월 30일 00시,월요일,충청북도 청주시 서원구 수곡동,중상사고,0,1,0,0,차대사람 - 횡단중,보행자보호의무위반,포장 - 건조,맑음,교차로 - 교차로횡단보도내,승용,남,73세,상해없음,보행자,남,45세,중상
2020113000100068,2020년 11월 30일 07시,월요일,충청북도 청주시 청원구 내덕동,중상사고,0,1,0,0,차대사람 - 횡단중,안전운전불이행,포장 - 건조,맑음,교차로 - 교차로횡단보도내,승용,여,41세,상해없음,보행자,남,76세,중상
2020113000100208,2020년 11월 30일 11시,월요일,충청북도 청주시 상당구 문의면,사망사고,1,0,0,0,차대사람 - 차도통행중,안전운전불이행,포장 - 건조,맑음,단일로 - 기타,승용,남,48세,상해없음,보행자,여,65세,사망
2020113000100436,2020년 11월 30일 17시,월요일,충청북도 청주시 흥덕구 복대동,경상사고,0,0,1,0,차대사람 - 기타,안전운전불이행,포장 - 건조,맑음,교차로 - 교차로안,승용,여,39세,상해없음,보행자,여,11세,경상
2020113000100492,2020년 11월 30일 18시,월요일,충청북도 청주시 흥덕구 송절동,경상사고,0,0,1,0,차대사람 - 기타,안전운전불이행,포장 - 건조,맑음,교차로 - 교차로안,화물,남,37세,상해없음,보행자,남,21세,경상
2020113000100606,2020년 11월 30일 21시,월요일,충청북도 청주시 흥덕구 가경동,중상사고,0,2,0,0,차대사람 - 횡단중,과속,포장 - 건조,맑음,단일로 - 기타,승용,남,43세,상해없음,보행자,남,56세,중상
2020120100100059,2020년 12월 1일 07시,화요일,충청북도 청주시 상당구 용암동,중상사고,0,1,0,0,차대사람 - 보도통행중,보행자보호의무위반,포장 - 건조,맑음,교차로 - 교차로횡단보도내,승합,남,50세,상해없음,보행자,여,59세,중상
2020120100100093,2020년 12월 1일 08시,화요일,충청북도 진천군 진천읍,중상사고,0,1,0,0,차대사람 - 기타,안전운전불이행,포장 - 건조,맑음,단일로 - 기타,승합,남,50세,상해없음,보행자,여,55세,중상
2020120100100094,2020년 12월 1일 08시,화요일,충청북도 진천군 진천읍,중상사고,0,1,0,0,차대사람 - 횡단중,안전운전불이행,포장 - 건조,맑음,교차로 - 교차로부근,승용,남,35세,상해없음,보행자,여,61세,중상
2020120100100411,2020년 12월 1일 16시,화요일,충청북도 청주시 서원구 남이면,사망사고,1,0,0,0,차대사람 - 횡단중,신호위반,포장 - 건조,맑음,단일로 - 기타,승합,남,59세,상해없음,보행자,남,91세,사망
2020120100100608,2020년 12월 1일 21시,화요일,충청북도 청주시 상당구 탑동,중상사고,0,1,0,0,차대사람 - 기타,보행자보호의무위반,포장 - 건조,맑음,교차로 - 교차로횡단보도내,승용,남,52세,상해없음,보행자,남,66세,중상
2020120100100633,2020년 12월 1일 22시,화요일,충청북도 청주시 서원구 사창동,중상사고,0,1,0,0,차대사람 - 기타,안전운전불이행,포장 - 건조,맑음,교차로 - 교차로안,승용,남,65세,상해없음,보행자,남,33세,중상
2020120200100483,2020년 12월 2일 19시,수요일,충청북도 보은군 보은읍,중상사고,0,1,0,0,차대사람 - 차도통행중,안전운전불이행,포장 - 건조,흐림,교차로 - 교차로안,승용,여,23세,상해없음,보행자,여,60세,중상
2020120200100539,2020년 12월 2일 21시,수요일,충청북도 청주시 청원구 내덕동,중상사고,0,1,0,0,차대사람 - 횡단중,신호위반,포장 - 건조,맑음,교차로 - 교차로횡단보도내,개인형이동수단(PM),여,17세,상해없음,보행자,남,50세,중상
2020120400100005,2020년 12월 4일 00시,금요일,충청북도 청주시 서원구 수곡동,중상사고,0,1,0,0,차대사람 - 횡단중,안전운전불이행,포장 - 건조,맑음,단일로 - 지하차도(도로)내,승용,여,58세,상해없음,보행자,남,62세,중상
2020120400100051,2020년 12월 4일 06시,금요일,충청북도 청주시 청원구 내덕동,경상사고,0,0,1,0,차대사람 - 기타,안전운전불이행,포장 - 건조,맑음,단일로 - 기타,승합,여,59세,상해없음,보행자,남,53세,경상
2020120400100178,2020년 12월 4일 10시,금요일,충청북도 청주시 상당구 석교동,경상사고,0,0,1,0,차대사람 - 기타,안전운전불이행,포장 - 건조,맑음,단일로 - 기타,승합,남,44세,상해없음,보행자,여,65세,경상
2020120400100372,2020년 12월 4일 16시,금요일,충청북도 증평군 증평읍,경상사고,0,0,1,0,차대사람 - 차도통행중,안전운전불이행,포장 - 건조,맑음,단일로 - 기타,승용,여,58세,상해없음,보행자,남,59세,경상
2020120500100492,2020년 12월 5일 20시,토요일,충청북도 청주시 상당구 탑동,중상사고,0,1,0,0,차대사람 - 기타,안전운전불이행,포장 - 건조,맑음,단일로 - 기타,승용,남,30세,상해없음,보행자,남,59세,중상
2020120500100556,2020년 12월 5일 23시,토요일,충청북도 충주시 수안보면,경상사고,0,0,1,0,차대사람 - 차도통행중,기타,포장 - 건조,맑음,단일로 - 기타,승용,남,53세,상해없음,보행자,남,67세,경상
2020120600100255,2020년 12월 6일 16시,일요일,충청북도 청주시 서원구 개신동,중상사고,0,1,0,0,차대사람 - 기타,안전운전불이행,포장 - 건조,맑음,단일로 - 기타,자전거,여,36세,상해없음,보행자,여,72세,중상
2020120600100383,2020년 12월 6일 21시,일요일,충청북도 청주시 상당구 용정동,중상사고,0,1,0,0,차대사람 - 횡단중,신호위반,포장 - 건조,맑음,교차로 - 교차로횡단보도내,승용,남,52세,상해없음,보행자,남,26세,중상
2020120700100141,2020년 12월 7일 10시,월요일,충청북도 충주시 문화동,경상사고,0,0,1,0,차대사람 - 보도통행중,보행자보호의무위반,포장 - 건조,흐림,교차로 - 교차로안,승용,여,63세,상해없음,보행자,남,83세,경상
2020120700100350,2020년 12월 7일 17시,월요일,충청북도 청주시 서원구 현도면,중상사고,0,1,0,0,차대사람 - 기타,안전운전불이행,포장 - 건조,맑음,교차로 - 교차로부근,승용,남,44세,상해없음,보행자,남,78세,중상
2020120800100299,2020년 12월 8일 14시,화요일,충청북도 제천시 화산동,경상사고,0,0,1,0,차대사람 - 기타,안전운전불이행,포장 - 건조,맑음,교차로 - 교차로부근,화물,남,64세,상해없음,보행자,남,55세,경상
2020120900100053,2020년 12월 9일 07시,수요일,충청북도 청주시 상당구 금천동,경상사고,0,0,1,0,차대사람 - 기타,안전운전불이행,포장 - 건조,맑음,단일로 - 기타,승용,남,73세,상해없음,보행자,여,60세,경상
2020120900100215,2020년 12월 9일 12시,수요일,충청북도 음성군 음성읍,경상사고,0,0,1,0,차대사람 - 횡단중,안전운전불이행,포장 - 건조,맑음,교차로 - 교차로안,승용,남,53세,상해없음,보행자,남,84세,경상
2020120900100216,2020년 12월 9일 12시,수요일,충청북도 청주시 상당구 남일면,경상사고,0,0,1,0,차대사람 - 길가장자리구역통행중,안전운전불이행,포장 - 건조,맑음,단일로 - 지하차도(도로)내,승용,남,58세,상해없음,보행자,여,60세,경상
2020121000100028,2020년 12월 10일 06시,목요일,충청북도 음성군 삼성면,경상사고,0,0,1,0,차대사람 - 길가장자리구역통행중,기타,포장 - 건조,맑음,단일로 - 기타,승용,남,59세,상해없음,보행자,남,85세,경상
2020121000100171,2020년 12월 10일 12시,목요일,충청북도 청주시 흥덕구 강서동,중상사고,0,1,0,0,차대사람 - 보도통행중,기타,포장 - 건조,맑음,기타 - 기타,이륜,남,41세,상해없음,보행자,여,26세,중상
2020121000100499,2020년 12월 10일 21시,목요일,충청북도 청주시 서원구 모충동,중상사고,0,1,1,0,차대사람 - 차도통행중,안전운전불이행,포장 - 건조,맑음,교차로 - 교차로부근,승합,남,47세,상해없음,보행자,여,16세,경상
2020121100100282,2020년 12월 11일 15시,금요일,충청북도 진천군 진천읍,경상사고,0,0,1,0,차대사람 - 길가장자리구역통행중,안전운전불이행,포장 - 건조,맑음,단일로 - 기타,승용,남,75세,상해없음,보행자,여,53세,경상
2020121100100354,2020년 12월 11일 17시,금요일,충청북도 청주시 흥덕구 복대동,중상사고,0,1,0,0,차대사람 - 횡단중,신호위반,포장 - 건조,맑음,교차로 - 교차로횡단보도내,승용,여,47세,상해없음,보행자,여,13세,중상
2020121200100160,2020년 12월 12일 12시,토요일,충청북도 청주시 상당구 영동,경상사고,0,0,1,0,차대사람 - 기타,보행자보호의무위반,포장 - 건조,맑음,단일로 - 기타,화물,남,23세,상해없음,보행자,남,51세,경상
2020121200100465,2020년 12월 12일 21시,토요일,충청북도 괴산군 괴산읍,경상사고,0,0,1,0,차대사람 - 길가장자리구역통행중,안전운전불이행,포장 - 건조,맑음,교차로 - 교차로부근,승용,남,27세,기타불명,보행자,남,19세,경상
2020121300100018,2020년 12월 13일 01시,일요일,충청북도 진천군 덕산면,사망사고,1,0,0,0,차대사람 - 차도통행중,안전운전불이행,포장 - 건조,맑음,단일로 - 기타,승용,남,36세,상해없음,보행자,남,81세,사망
2020121300100045,2020년 12월 13일 08시,일요일,충청북도 충주시 문화동,중상사고,0,1,0,0,차대사람 - 차도통행중,안전운전불이행,포장 - 적설,눈,단일로 - 기타,승용,남,54세,상해없음,보행자,남,69세,중상
2020121300100279,2020년 12월 13일 18시,일요일,충청북도 청주시 서원구 사창동,경상사고,0,0,2,0,차대사람 - 기타,신호위반,포장 - 건조,맑음,교차로 - 교차로안,화물,남,62세,상해없음,보행자,남,22세,경상
2020121300100358,2020년 12월 13일 21시,일요일,충청북도 충주시 문화동,중상사고,0,1,0,0,차대사람 - 횡단중,보행자보호의무위반,포장 - 서리/결빙,맑음,단일로 - 기타,승용,남,56세,상해없음,보행자,여,49세,중상
2020121400100082,2020년 12월 14일 08시,월요일,충청북도 괴산군 감물면,중상사고,0,1,0,0,차대사람 - 기타,안전운전불이행,포장 - 건조,맑음,단일로 - 기타,화물,남,55세,상해없음,보행자,여,53세,중상
2020121400100166,2020년 12월 14일 11시,월요일,충청북도 청주시 흥덕구 송절동,중상사고,0,1,0,0,차대사람 - 보도통행중,신호위반,포장 - 건조,맑음,교차로 - 교차로부근,이륜,남,30세,상해없음,보행자,여,32세,중상
2020121400100300,2020년 12월 14일 15시,월요일,충청북도 청주시 상당구 용암동,경상사고,0,0,1,0,차대사람 - 기타,안전운전불이행,포장 - 건조,맑음,단일로 - 기타,승용,여,59세,상해없음,보행자,남,39세,경상
2020121500100404,2020년 12월 15일 18시,화요일,충청북도 청주시 상당구 남문로1가동,경상사고,0,0,1,0,차대사람 - 기타,보행자보호의무위반,포장 - 건조,맑음,단일로 - 기타,승용,남,53세,상해없음,보행자,남,14세,경상
2020121500100554,2020년 12월 15일 22시,화요일,충청북도 청주시 서원구 남이면,경상사고,0,0,1,0,차대사람 - 기타,안전운전불이행,포장 - 건조,맑음,기타 - 기타,화물,남,57세,상해없음,보행자,남,46세,경상
2020121500100555,2020년 12월 15일 22시,화요일,충청북도 청주시 흥덕구 복대동,경상사고,0,0,1,0,차대사람 - 기타,안전운전불이행,포장 - 건조,맑음,교차로 - 교차로안,승용,여,42세,상해없음,보행자,남,33세,경상
2020121600100398,2020년 12월 16일 18시,수요일,충청북도 청주시 서원구 사창동,경상사고,0,0,1,0,차대사람 - 기타,안전운전불이행,포장 - 건조,맑음,단일로 - 기타,승용,남,46세,상해없음,보행자,여,26세,경상
2020121700100160,2020년 12월 17일 10시,목요일,충청북도 제천시 신백동,경상사고,0,0,1,0,차대사람 - 기타,안전운전불이행,포장 - 서리/결빙,흐림,교차로 - 교차로부근,화물,남,29세,상해없음,보행자,여,62세,경상
2020121700100225,2020년 12월 17일 12시,목요일,충청북도 청주시 흥덕구 복대동,경상사고,0,0,1,0,차대사람 - 기타,안전운전불이행,포장 - 건조,맑음,교차로 - 교차로안,승용,남,61세,상해없음,보행자,남,25세,경상
2020121700100436,2020년 12월 17일 18시,목요일,충청북도 청주시 상당구 금천동,중상사고,0,1,0,0,차대사람 - 기타,안전운전불이행,포장 - 건조,맑음,단일로 - 기타,승용,여,49세,상해없음,보행자,여,85세,중상
2020121800100059,2020년 12월 18일 07시,금요일,충청북도 영동군 상촌면,경상사고,0,0,1,0,차대사람 - 차도통행중,중앙선침범,포장 - 건조,맑음,단일로 - 기타,승용,남,68세,상해없음,보행자,여,70세,경상
2020121800100583,2020년 12월 18일 20시,금요일,충청북도 청주시 흥덕구 오송읍,사망사고,1,0,0,0,차대사람 - 횡단중,안전운전불이행,포장 - 건조,맑음,단일로 - 기타,승용,남,64세,상해없음,보행자,남,75세,사망
2020121900100200,2020년 12월 19일 13시,토요일,충청북도 청주시 서원구 사직동,중상사고,0,1,0,0,차대사람 - 횡단중,신호위반,포장 - 건조,맑음,교차로 - 교차로횡단보도내,승용,여,49세,상해없음,보행자,남,8세,중상
2020121900100230,2020년 12월 19일 14시,토요일,충청북도 제천시 신백동,사망사고,1,0,0,0,차대사람 - 횡단중,안전운전불이행,포장 - 건조,맑음,교차로 - 교차로안,승용,남,77세,상해없음,보행자,남,78세,사망
2020121900100387,2020년 12월 19일 18시,토요일,충청북도 청주시 청원구 우암동,경상사고,0,0,1,0,차대사람 - 기타,안전운전불이행,포장 - 건조,맑음,교차로 - 교차로부근,화물,남,52세,상해없음,보행자,여,81세,경상
2020121900100490,2020년 12월 19일 20시,토요일,충청북도 증평군 증평읍,사망사고,1,0,0,0,차대사람 - 횡단중,안전운전불이행,포장 - 건조,맑음,교차로 - 교차로안,승용,여,21세,상해없음,보행자,남,54세,사망
2020122000100022,2020년 12월 20일 03시,일요일,충청북도 청주시 흥덕구 강서동,경상사고,0,0,1,0,차대사람 - 보도통행중,기타,포장 - 건조,맑음,단일로 - 기타,이륜,남,19세,상해없음,보행자,남,24세,경상
2020122100100468,2020년 12월 21일 18시,월요일,충청북도 옥천군 옥천읍,사망사고,1,0,0,0,차대사람 - 횡단중,안전운전불이행,포장 - 건조,맑음,교차로 - 교차로부근,승용,남,21세,상해없음,보행자,여,57세,사망
2020122200100088,2020년 12월 22일 08시,화요일,충청북도 청주시 흥덕구 복대동,경상사고,0,0,1,0,차대사람 - 횡단중,기타,포장 - 건조,맑음,단일로 - 기타,승용,여,26세,상해없음,보행자,여,8세,경상
2020122200100169,2020년 12월 22일 11시,화요일,충청북도 청주시 서원구 수곡동,경상사고,0,0,1,0,차대사람 - 기타,안전운전불이행,포장 - 건조,맑음,주차장 - 주차장,승용,남,47세,상해없음,보행자,여,47세,경상
2020122200100234,2020년 12월 22일 13시,화요일,충청북도 청주시 상당구 영운동,중상사고,0,1,0,0,차대사람 - 길가장자리구역통행중,안전운전불이행,포장 - 건조,맑음,단일로 - 지하차도(도로)내,화물,남,65세,상해없음,보행자,여,67세,중상
2020122200100364,2020년 12월 22일 17시,화요일,충청북도 진천군 덕산면,사망사고,1,0,0,0,차대사람 - 차도통행중,안전운전불이행,포장 - 건조,맑음,단일로 - 기타,화물,남,54세,상해없음,보행자,여,78세,사망
2020122200100472,2020년 12월 22일 19시,화요일,충청북도 청주시 서원구 사창동,경상사고,0,0,1,0,차대사람 - 보도통행중,기타,포장 - 건조,맑음,단일로 - 기타,기타불명,기타불명,미분류,기타불명,보행자,여,26세,경상
2020122200100474,2020년 12월 22일 19시,화요일,충청북도 충주시 교현동,경상사고,0,0,1,0,차대사람 - 기타,안전운전불이행,포장 - 건조,맑음,단일로 - 기타,승용,여,31세,상해없음,보행자,남,62세,경상
2020122300100181,2020년 12월 23일 11시,수요일,충청북도 제천시 화산동,중상사고,0,1,0,0,차대사람 - 차도통행중,안전운전불이행,포장 - 젖음/습기,흐림,단일로 - 기타,화물,남,29세,상해없음,보행자,여,79세,중상
2020122300100370,2020년 12월 23일 17시,수요일,충청북도 제천시 장락동,중상사고,0,1,0,0,차대사람 - 횡단중,안전운전불이행,포장 - 건조,맑음,교차로 - 교차로안,승용,여,39세,상해없음,보행자,여,64세,중상
2020122300100444,2020년 12월 23일 18시,수요일,충청북도 제천시 동현동,경상사고,0,0,1,0,차대사람 - 횡단중,보행자보호의무위반,포장 - 건조,맑음,교차로 - 교차로안,화물,남,59세,상해없음,보행자,여,59세,경상
2020122300100580,2020년 12월 23일 21시,수요일,충청북도 청주시 서원구 분평동,경상사고,0,0,1,0,차대사람 - 기타,안전운전불이행,포장 - 건조,맑음,단일로 - 기타,승용,여,53세,상해없음,보행자,남,68세,경상
2020122400100349,2020년 12월 24일 16시,목요일,충청북도 충주시 연수동,경상사고,0,0,1,0,차대사람 - 횡단중,안전운전불이행,포장 - 건조,맑음,교차로 - 교차로안,승용,남,55세,상해없음,보행자,남,60세,경상
2020122400100351,2020년 12월 24일 16시,목요일,충청북도 청주시 흥덕구 복대동,경상사고,0,0,1,0,차대사람 - 기타,보행자보호의무위반,포장 - 건조,맑음,교차로 - 교차로안,승용,여,53세,상해없음,보행자,여,8세,경상
2020122400100403,2020년 12월 24일 17시,목요일,충청북도 청주시 흥덕구 복대동,경상사고,0,0,1,0,차대사람 - 횡단중,기타,포장 - 건조,맑음,교차로 - 교차로횡단보도내,승용,여,34세,상해없음,보행자,여,7세,경상
2020122400100613,2020년 12월 24일 21시,목요일,충청북도 충주시 연수동,중상사고,0,1,0,0,차대사람 - 기타,안전운전불이행,포장 - 건조,맑음,교차로 - 교차로부근,승용,남,23세,상해없음,보행자,남,68세,중상
2020122600100203,2020년 12월 26일 15시,토요일,충청북도 충주시 교현동,부상신고사고,0,0,0,1,차대사람 - 기타,안전운전불이행,포장 - 건조,맑음,단일로 - 기타,자전거,남,48세,상해없음,보행자,남,59세,부상신고
2020122600100336,2020년 12월 26일 19시,토요일,충청북도 청주시 청원구 율량동,사망사고,1,0,0,0,차대사람 - 횡단중,안전운전불이행,포장 - 건조,맑음,교차로 - 교차로횡단보도내,승용,남,28세,상해없음,보행자,남,69세,사망
2020122600100364,2020년 12월 26일 20시,토요일,충청북도 단양군 단양읍,중상사고,0,1,1,0,차대사람 - 횡단중,기타,포장 - 건조,맑음,교차로 - 교차로부근,이륜,남,18세,상해없음,보행자,남,61세,중상
2020122700100102,2020년 12월 27일 14시,일요일,충청북도 제천시 하소동,중상사고,0,1,0,0,차대사람 - 횡단중,보행자보호의무위반,포장 - 건조,맑음,교차로 - 교차로횡단보도내,승용,남,32세,상해없음,보행자,여,77세,중상
2020122700100145,2020년 12월 27일 16시,일요일,충청북도 청주시 흥덕구 강내면,경상사고,0,0,1,0,차대사람 - 횡단중,안전운전불이행,포장 - 건조,맑음,교차로 - 교차로부근,승용,남,60세,상해없음,보행자,여,21세,경상
2020122700100252,2020년 12월 27일 20시,일요일,충청북도 청주시 흥덕구 가경동,중상사고,0,1,0,0,차대사람 - 기타,보행자보호의무위반,포장 - 건조,맑음,교차로 - 교차로안,승용,남,18세,상해없음,보행자,여,60세,중상
2020122800100283,2020년 12월 28일 14시,월요일,충청북도 청주시 청원구 율량동,경상사고,0,0,1,0,차대사람 - 차도통행중,안전운전불이행,포장 - 건조,맑음,교차로 - 교차로안,승용,남,39세,상해없음,보행자,여,59세,경상
2020122800100285,2020년 12월 28일 14시,월요일,충청북도 영동군 영동읍,경상사고,0,0,1,0,차대사람 - 횡단중,보행자보호의무위반,포장 - 건조,맑음,교차로 - 교차로안,건설기계,남,50세,상해없음,보행자,여,79세,경상
2020122800100455,2020년 12월 28일 18시,월요일,충청북도 보은군 수한면,중상사고,0,1,0,0,차대사람 - 차도통행중,안전운전불이행,포장 - 건조,맑음,단일로 - 기타,승용,여,30세,상해없음,보행자,여,85세,중상
2020122900100315,2020년 12월 29일 18시,화요일,충청북도 청주시 흥덕구 향정동,경상사고,0,0,1,0,차대사람 - 횡단중,보행자보호의무위반,포장 - 건조,맑음,단일로 - 기타,승용,남,63세,상해없음,보행자,남,27세,경상
2020122900100368,2020년 12월 29일 19시,화요일,충청북도 제천시 하소동,경상사고,0,0,2,0,차대사람 - 횡단중,보행자보호의무위반,포장 - 젖음/습기,눈,교차로 - 교차로횡단보도내,승합,남,70세,상해없음,보행자,남,60세,경상
2020123000100032,2020년 12월 30일 06시,수요일,충청북도 충주시 주덕읍,사망사고,1,0,0,0,차대사람 - 기타,안전운전불이행,포장 - 건조,맑음,단일로 - 기타,특수,남,55세,상해없음,보행자,여,64세,사망
2020123000100147,2020년 12월 30일 11시,수요일,충청북도 청주시 서원구 분평동,경상사고,0,0,1,0,차대사람 - 보도통행중,안전운전불이행,포장 - 적설,눈,단일로 - 기타,승용,남,47세,상해없음,보행자,여,39세,경상
2020123000100239,2020년 12월 30일 14시,수요일,충청북도 청주시 상당구 용암동,부상신고사고,0,0,0,1,차대사람 - 기타,안전운전불이행,포장 - 서리/결빙,맑음,기타 - 기타,승용,남,58세,상해없음,보행자,여,81세,부상신고
2020123100100196,2020년 12월 31일 13시,목요일,충청북도 청주시 흥덕구 복대동,경상사고,0,0,1,0,차대사람 - 기타,안전운전불이행,포장 - 건조,맑음,교차로 - 교차로부근,화물,남,50세,상해없음,보행자,남,48세,경상
2020123100100470,2020년 12월 31일 19시,목요일,충청북도 청주시 서원구 분평동,경상사고,0,0,1,0,차대사람 - 횡단중,보행자보호의무위반,포장 - 건조,맑음,교차로 - 교차로횡단보도내,승용,남,56세,상해없음,보행자,남,52세,경상